Rank,PlayerID,Name,Team,ByeWeek,Age,Position,PositionRank,Week1ADP,Week2ADP,Week3ADP,HighestADP,LowestADP,AverageDraftPosition
1,16771,Todd Gurley II,LAR,null,27,RB,RB1,null,null,null,null,null,1.4
2,14967,Le'Veon Bell,PIT,null,30,RB,RB2,476,476,476,476,476,2.6
3,16847,David Johnson,ARI,null,30,RB,RB3,103.8,103.8,103.8,103.8,103.8,3.5
4,17923,Ezekiel Elliott,DAL,7,26,RB,RB4,null,null,null,null,null,3.7
5,19766,Saquon Barkley,NYG,10,25,RB,RB5,null,null,null,null,null,6
6,11056,Antonio Brown,PIT,null,33,WR,WR1,78.1,78.1,78.1,78.1,78.1,6.5
7,18878,Alvin Kamara,NO,6,26,RB,RB6,null,null,null,null,null,6.6
8,18803,Leonard Fournette,JAX,9,27,RB,RB7,null,null,null,null,null,7.8
9,16776,Melvin Gordon III,LAC,11,29,RB,RB8,null,null,null,null,null,8.9
10,18944,Kareem Hunt,KC,13,26,RB,RB9,null,null,null,null,null,10.1
11,14986,DeAndre Hopkins,HOU,12,29,WR,WR2,null,null,null,null,null,11
12,16389,Odell Beckham Jr.,NYG,null,29,WR,WR3,68.6,68.6,68.6,68.6,68.6,12.4
13,18872,Dalvin Cook,MIN,7,26,RB,RB10,null,null,null,null,null,13.3
14,18877,Christian McCaffrey,CAR,13,25,RB,RB11,null,null,null,null,null,13.8
15,13291,Julio Jones,ATL,null,33,WR,WR4,43.1,43.1,43.1,43.1,43.1,15.1
16,18067,Jordan Howard,CHI,null,27,RB,RB12,306,306,306,306,306,15.9
17,16524,Devonta Freeman,ATL,null,30,RB,RB13,777,777,777,777,777,17.3
18,17960,Michael Thomas,NO,6,29,WR,WR5,null,null,null,null,null,17.7
19,16470,Davante Adams,GB,8,29,WR,WR6,null,null,null,null,null,18.9
20,15076,Keenan Allen,LAC,7,30,WR,WR7,null,null,null,null,null,20.4
21,18858,Joe Mixon,CIN,10,25,RB,RB14,null,null,null,null,null,21
21,10974,Rob Gronkowski,NE,null,32,TE,TE1,81,81,81,81,81,21
23,12845,A.J. Green,CIN,12,33,WR,WR8,null,null,null,null,null,22.8
24,18088,Alex Collins,BAL,null,27,RB,RB15,282,282,282,282,282,24.6
25,17959,Derrick Henry,TEN,13,28,RB,RB16,null,null,null,null,null,24.7
26,18082,Tyreek Hill,KC,14,28,WR,WR9,null,null,null,null,null,26.6
27,16597,Mike Evans,TB,9,28,WR,WR10,null,null,null,null,null,27.2
28,11932,LeSean McCoy,BUF,null,33,RB,RB17,null,null,null,null,null,28.5
29,16906,Stefon Diggs,MIN,7,28,WR,WR11,null,null,null,null,null,28.6
30,19823,Royce Freeman,DEN,10,26,RB,RB18,null,null,null,null,null,29.3
31,2593,Aaron Rodgers,GB,13,38,QB,QB1,null,null,null,null,null,29.9
32,14005,T.Y. Hilton,IND,null,32,WR,WR12,null,null,null,null,null,30.3
33,15048,Travis Kelce,KC,12,32,TE,TE2,null,null,null,null,null,32.9
34,18003,Kenyan Drake,MIA,8,28,RB,RB19,null,null,null,null,null,34.1
35,13791,Lamar Miller,HOU,null,31,RB,RB20,647,647,647,647,647,34.4
36,16765,Amari Cooper,LV,13,27,WR,WR13,null,null,null,null,null,35.8
37,13460,Doug Baldwin,SEA,null,33,WR,WR14,null,null,null,null,null,36.5
38,15534,Adam Thielen,MIN,7,31,WR,WR15,null,null,null,null,null,38
39,16909,Jay Ajayi,PHI,null,28,RB,RB21,null,null,null,null,null,39.4
40,18883,JuJu Smith-Schuster,PIT,12,25,WR,WR16,null,null,null,null,null,40.4
41,18857,Deshaun Watson,HOU,13,26,QB,QB2,null,null,null,null,null,41.5
42,12386,Marshawn Lynch,LV,null,36,RB,RB22,null,null,null,null,null,42.5
43,5571,Larry Fitzgerald,ARI,null,38,WR,WR17,null,null,null,null,null,42.7
44,14587,Josh Gordon,CLE,12,31,WR,WR18,null,null,null,null,null,43.3
45,14856,Zach Ertz,PHI,12,31,TE,TE3,null,null,null,null,null,44
46,13337,Mark Ingram II,NO,6,32,RB,RB23,null,null,null,null,null,44.3
47,14828,Chris Hogan,NE,null,34,WR,WR19,503,503,503,503,503,45.7
48,16668,Carlos Hyde,JAX,null,31,RB,RB24,202,202,202,202,202,47.8
49,11488,Jimmy Graham,GB,null,35,TE,TE4,343,343,343,343,343,48.9
50,16568,Brandin Cooks,LAR,10,28,WR,WR20,null,null,null,null,null,49.3
51,11197,Demaryius Thomas,DEN,null,34,WR,WR21,null,null,null,null,null,51.9
52,4314,Tom Brady,NE,9,44,QB,QB3,null,null,null,null,null,52
53,18995,Jamaal Williams,GB,9,27,RB,RB25,null,null,null,null,null,52.7
54,16020,Jarvis Landry,CLE,null,29,WR,WR22,118.3,118.3,118.3,118.3,118.3,53
55,14865,Marquise Goodwin,SF,null,31,WR,WR23,234,234,234,234,234,53.8
56,19822,Kerryon Johnson,DET,null,24,RB,RB26,1154,1154,1154,1154,1154,54
57,16263,Allen Robinson II,CHI,11,28,WR,WR24,null,null,null,null,null,56.3
58,13870,Marvin Jones Jr.,DET,7,32,WR,WR25,null,null,null,null,null,58.3
59,14536,Russell Wilson,SEA,11,33,QB,QB4,null,null,null,null,null,58.6
60,14917,Rex Burkhead,NE,10,31,RB,RB27,null,null,null,null,null,58.8
61,19119,Chris Carson,SEA,9,27,RB,RB28,null,null,null,null,null,59.7
62,1658,Greg Olsen,CAR,null,37,TE,TE5,null,null,null,null,null,60.2
63,12708,Dion Lewis,TEN,null,31,RB,RB29,null,null,null,null,null,62.4
64,7242,Drew Brees,NO,null,43,QB,QB5,null,null,null,null,null,63.7
65,18879,Corey Davis,TEN,6,27,WR,WR26,null,null,null,null,null,65
66,11611,Golden Tate,DET,null,33,WR,WR27,null,null,null,null,null,65.9
67,13320,Cam Newton,CAR,null,32,QB,QB6,631,631,631,631,631,66.8
68,18375,Peyton Barber,TB,null,28,RB,RB30,331,331,331,331,331,67
69,15965,Trey Burton,CHI,null,30,TE,TE6,null,null,null,null,null,67.1
70,17916,William Fuller V,HOU,null,28,WR,WR28,125.7,125.7,125.7,125.7,125.7,67.9
71,11063,Emmanuel Sanders,DEN,null,35,WR,WR29,174,174,174,174,174,69.4
72,18912,Evan Engram,NYG,7,27,TE,TE7,null,null,null,null,null,72.8
73,16834,Tevin Coleman,ATL,6,29,RB,RB31,null,null,null,null,null,73.3
74,19799,Rashaad Penny,SEA,9,26,RB,RB32,null,null,null,null,null,75.4
75,8355,Julian Edelman,NE,null,35,WR,WR30,599,599,599,599,599,75.5
76,14187,Alshon Jeffery,PHI,null,32,WR,WR31,null,null,null,null,null,76
77,13275,Kyle Rudolph,MIN,null,32,TE,TE8,375,375,375,375,375,76.5
78,9331,Michael Crabtree,BAL,null,34,WR,WR32,null,null,null,null,null,78.6
78,16127,Isaiah Crowell,NYJ,null,29,RB,RB33,null,null,null,null,null,78.6
80,19828,Sony Michel,NE,null,27,RB,RB34,90.4,90.4,90.4,90.4,90.4,78.7
81,14252,Kirk Cousins,MIN,7,33,QB,QB7,null,null,null,null,null,80.6
82,17920,Carson Wentz,PHI,9,29,QB,QB8,null,null,null,null,null,81.4
83,7175,Delanie Walker,TEN,null,37,TE,TE9,null,null,null,null,null,82.3
83,4807,Adrian Peterson,WAS,null,37,RB,RB35,null,null,null,null,null,82.3
85,16003,Sammy Watkins,KC,13,28,WR,WR33,null,null,null,null,null,82.8
86,18998,Marlon Mack,IND,10,26,RB,RB36,null,null,null,null,null,85.1
87,14008,Andrew Luck,IND,null,32,QB,QB9,null,null,null,null,null,85.2
88,18187,Robby Anderson,NYJ,13,28,WR,WR34,null,null,null,null,null,85.6
89,19045,Aaron Jones,GB,13,27,RB,RB37,null,null,null,null,null,87.5
90,16802,Devin Funchess,CAR,null,27,WR,WR35,807,807,807,807,807,87.7
91,4556,Jordy Nelson,LV,null,36,WR,WR36,null,null,null,null,null,90.2
92,15102,Chris Thompson,WAS,null,31,RB,RB38,null,null,null,null,null,90.6
93,52,Jacksonville Jaguars,JAX,7,null,DST,DST1,null,null,null,null,null,91
94,18882,Cooper Kupp,LAR,11,28,WR,WR37,null,null,null,null,null,92.4
95,15100,Jordan Reed,WAS,null,31,TE,TE10,null,null,null,null,null,92.5
96,19861,Ronald Jones II,TB,12,24,RB,RB39,null,null,null,null,null,92.7
97,9038,Matthew Stafford,DET,11,34,QB,QB10,null,null,null,null,null,94.6
98,16041,Jimmy Garoppolo,SF,6,30,QB,QB11,null,null,null,null,null,97.1
99,16781,Nelson Agholor,PHI,14,28,WR,WR38,null,null,null,null,null,97.4
100,19003,Tarik Cohen,CHI,null,26,RB,RB40,235,235,235,235,235,97.8
101,18914,Mike Williams,LAC,7,27,WR,WR39,null,null,null,null,null,99.8
102,32,Los Angeles Rams,LAR,11,null,DST,DST2,null,null,null,null,null,100.3
103,13227,Randall Cobb,GB,13,31,WR,WR40,null,null,null,null,null,101.5
104,18876,David Njoku,CLE,13,25,TE,TE11,null,null,null,null,null,102.1
105,12296,LeGarrette Blount,DET,null,35,RB,RB41,null,null,null,null,null,103.4
106,8244,Philip Rivers,LAC,null,40,QB,QB12,null,null,null,null,null,103.7
107,16550,Kelvin Benjamin,BUF,null,31,WR,WR41,null,null,null,null,null,105.6
108,67,Minnesota Vikings,MIN,7,null,DST,DST3,null,null,null,null,null,106.9
109,15196,Kenny Stills,MIA,null,30,WR,WR42,703,703,703,703,703,107
110,732,Matt Ryan,ATL,14,36,QB,QB13,null,null,null,null,null,108.1
110,16866,Jamison Crowder,WAS,7,28,WR,WR43,null,null,null,null,null,108.1
112,15071,Latavius Murray,MIN,null,32,RB,RB42,126.5,126.5,126.5,126.5,126.5,109
113,14871,Robert Woods,LAR,13,30,WR,WR44,null,null,null,null,null,109.5
114,19798,Nick Chubb,CLE,13,26,RB,RB43,null,null,null,null,null,111.9
115,15020,CJ Anderson,CAR,null,31,RB,RB44,null,null,null,null,null,112.2
116,3807,Ben Roethlisberger,PIT,null,40,QB,QB14,142.7,142.7,142.7,142.7,142.7,113
117,18890,Patrick Mahomes,KC,12,26,QB,QB15,null,null,null,null,null,114.9
118,26,Philadelphia Eagles,PHI,14,null,DST,DST4,null,null,null,null,null,115.9
118,19548,Corey Clement,PHI,null,27,RB,RB45,383,383,383,383,383,115.9
120,6767,Pierre Garcon,SF,null,35,WR,WR45,null,null,null,null,null,116.5
121,17961,Sterling Shepard,NYG,10,29,WR,WR46,null,null,null,null,null,117
122,16056,James White,NE,14,30,RB,RB46,null,null,null,null,null,118.7
123,84,Los Angeles Chargers,LAC,7,null,DST,DST5,null,null,null,null,null,120
124,19844,DJ Moore,CAR,13,25,WR,WR47,null,null,null,null,null,120.8
125,14269,Alfred Morris,SF,null,33,RB,RB47,657,657,657,657,657,121.3
126,19802,Calvin Ridley,ATL,6,27,WR,WR48,null,null,null,null,null,122.8
127,17922,Jared Goff,LAR,9,27,QB,QB16,null,null,null,null,null,122.9
128,18977,Kenny Golladay,DET,10,28,WR,WR49,null,null,null,null,null,123
129,16253,Allen Hurns,DAL,null,30,WR,WR50,null,null,null,null,null,125.2
130,16640,John Brown,BAL,null,32,WR,WR51,null,null,null,null,null,127.1
131,19063,George Kittle,SF,6,28,TE,TE12,null,null,null,null,null,127.5
132,13,Houston Texans,HOU,10,null,DST,DST6,null,null,null,null,null,128.2
133,36,Baltimore Ravens,BAL,8,null,DST,DST7,null,null,null,null,null,128.8
133,19514,Keelan Cole,JAX,null,29,WR,WR52,195,195,195,195,195,128.8
135,19867,Michael Gallup,DAL,7,26,WR,WR53,null,null,null,null,null,130.8
136,16838,Duke Johnson,CLE,7,28,RB,RB48,null,null,null,null,null,131
137,12800,Bilal Powell,NYJ,null,33,RB,RB49,null,null,null,null,null,131.3
138,6739,Alex Smith,WAS,null,37,QB,QB17,null,null,null,null,null,132.5
139,16855,Ty Montgomery,GB,14,29,WR,WR54,null,null,null,null,null,133.5
140,15602,Jack Doyle,IND,null,31,TE,TE13,356,356,356,356,356,133.8
141,16763,Marcus Mariota,TEN,6,28,QB,QB18,null,null,null,null,null,134.6
142,16830,Tyler Lockett,SEA,9,29,WR,WR55,null,null,null,null,null,135.1
143,17167,Cameron Meredith,NO,null,29,WR,WR56,null,null,null,null,null,135.6
144,19319,Matt Breida,SF,10,27,RB,RB50,null,null,null,null,null,136.5
145,16311,Derek Carr,LV,8,31,QB,QB19,null,null,null,null,null,137.5
146,49,Denver Broncos,DEN,11,null,DST,DST8,null,null,null,null,null,140.2
147,18880,Chris Godwin,TB,9,26,WR,WR57,null,null,null,null,null,142.4
148,14697,Greg Zuerlein,LAR,6,34,K,K1,null,null,null,null,null,144.1
149,19781,Lamar Jackson,BAL,8,25,QB,QB20,null,null,null,null,null,145.8
150,17970,Devontae Booker,DEN,null,29,RB,RB51,153.6,153.6,153.6,153.6,153.6,146.2
150,14385,Doug Martin,LV,null,33,RB,RB52,null,null,null,null,null,146.2
152,69,New Orleans Saints,NO,6,null,DST,DST9,null,null,null,null,null,146.4
153,16775,DeVante Parker,MIA,14,29,WR,WR58,null,null,null,null,null,146.8
154,19979,Jordan Wilkins,IND,13,27,RB,RB53,null,null,null,null,null,147.7
155,2982,Stephen Gostkowski,NE,null,38,K,K2,null,null,null,null,null,147.9
156,14918,Tyler Eifert,CIN,null,31,TE,TE14,680,680,680,680,680,148.4
157,18881,John Ross,CIN,null,26,WR,WR59,null,null,null,null,null,149.6
158,13878,Mohamed Sanu Sr.,ATL,null,32,WR,WR60,246,246,246,246,246,150.9
159,18055,Dak Prescott,DAL,7,28,QB,QB21,null,null,null,null,null,152.1
160,14688,Justin Tucker,BAL,8,32,K,K3,null,null,null,null,null,152.4
161,18983,James Conner,PIT,12,26,RB,RB54,null,null,null,null,null,152.5
162,18269,Geronimo Allison,GB,null,28,WR,WR61,980,980,980,980,980,152.6
163,19864,Anthony Miller,CHI,null,27,WR,WR62,209,209,209,209,209,153.4
164,18811,Mitchell Trubisky,CHI,7,27,QB,QB22,null,null,null,null,null,154.8
165,16451,Eric Ebron,IND,null,29,TE,TE15,320,320,320,320,320,154.9
166,11756,Benjamin Watson,NO,null,41,TE,TE16,null,null,null,null,null,155.2
167,16762,Jameis Winston,TB,6,28,QB,QB23,null,null,null,null,null,155.5
167,19824,Kalen Ballage,MIA,null,26,RB,RB55,305,305,305,305,305,155.5
169,18901,O.J. Howard,TB,7,27,TE,TE17,null,null,null,null,null,155.6
170,17969,Kenneth Dixon,BAL,null,28,RB,RB56,null,null,null,null,null,155.9
171,17963,Austin Hooper,ATL,13,27,TE,TE18,null,null,null,null,null,156.7
172,12239,Chris Ivory,BUF,null,34,RB,RB57,null,null,null,null,null,157.1
173,38,Chicago Bears,CHI,10,null,DST,DST10,null,null,null,null,null,157.3
174,18971,Taywan Taylor,TEN,null,27,WR,WR63,1057,1057,1057,1057,1057,157.9
175,14916,Giovani Bernard,CIN,9,30,RB,RB58,null,null,null,null,null,158
176,16245,Blake Bortles,JAX,null,30,QB,QB24,null,null,null,null,null,158.1
177,16232,Donte Moncrief,JAX,null,28,WR,WR64,740,740,740,740,740,158.7
178,4932,Eli Manning,NYG,null,41,QB,QB25,null,null,null,null,null,159.1
179,18992,Dede Westbrook,JAX,null,28,WR,WR65,272,272,272,272,272,159.2
180,18478,Wil Lutz,NO,6,27,K,K4,null,null,null,null,null,159.6
180,18993,Samaje Perine,WAS,10,26,RB,RB59,null,null,null,null,null,159.6
182,5,Carolina Panthers,CAR,13,null,DST,DST11,null,null,null,null,null,159.8
183,8,Cleveland Browns,CLE,13,null,DST,DST12,null,null,null,null,null,159.9
183,18451,Rob Kelley,WAS,null,29,RB,RB60,null,null,null,null,null,159.9
185,12831,Tyrod Taylor,CLE,10,32,QB,QB26,null,null,null,null,null,160.3
186,17939,Josh Doctson,WAS,null,29,WR,WR66,884,884,884,884,884,160.5
187,12841,Andy Dalton,CIN,6,34,QB,QB27,null,null,null,null,null,160.6
188,19912,Nyheim Hines,IND,14,25,RB,RB61,null,null,null,null,null,160.8
189,90,Seattle Seahawks,SEA,9,null,DST,DST13,null,null,null,null,null,161.2
190,16146,Martavis Bryant,LV,null,30,WR,WR67,null,null,null,null,null,161.5
191,3943,DeSean Jackson,TB,null,35,WR,WR68,188,188,188,188,188,161.8
191,19865,James Washington,PIT,7,26,WR,WR69,null,null,null,null,null,161.8
193,9906,Danny Amendola,MIA,null,36,WR,WR70,249,249,249,249,249,161.9
194,21,New England Patriots,NE,14,null,DST,DST14,null,null,null,null,null,162
194,16797,T.J. Yeldon,JAX,null,28,RB,RB62,null,null,null,null,null,162
196,16608,Austin Seferian-Jenkins,JAX,null,29,TE,TE19,null,null,null,null,null,162.1
197,18957,D'Onta Foreman,HOU,13,26,RB,RB63,null,null,null,null,null,162.3
198,19041,Jake Elliott,PHI,14,27,K,K5,null,null,null,null,null,162.8
199,19410,Ricky Seals-Jones,ARI,10,27,TE,TE20,null,null,null,null,null,163.3
200,19917,Antonio Callaway,CLE,null,25,WR,WR71,1206,1206,1206,1206,1206,163.5
201,28,Pittsburgh Steelers,PIT,7,null,DST,DST15,null,null,null,null,null,163.8
202,19800,Courtland Sutton,DEN,11,26,WR,WR72,null,null,null,null,null,164.3
203,15694,Case Keenum,DEN,7,34,QB,QB28,null,null,null,null,null,164.6
203,12109,Ted Ginn Jr.,NO,null,37,WR,WR73,null,null,null,null,null,164.6
205,19989,Daniel Carlson,MIN,8,27,K,K6,null,null,null,null,null,164.9
205,5820,Frank Gore,MIA,null,38,RB,RB64,null,null,null,null,null,164.9
205,11182,Eric Decker,NE,null,35,WR,WR74,null,null,null,null,null,164.9
208,16694,Paul Richardson,WAS,null,30,WR,WR75,null,null,null,null,null,165
209,19790,Baker Mayfield,CLE,13,27,QB,QB29,null,null,null,null,null,165.1
210,19562,Austin Ekeler,LAC,7,26,RB,RB65,null,null,null,null,null,165.2
211,19957,John Kelly,LAR,13,25,RB,RB66,null,null,null,null,null,165.3
212,19812,Sam Darnold,NYJ,13,24,QB,QB30,null,null,null,null,null,165.5
212,17048,Tyrell Williams,LAC,null,30,WR,WR76,172,172,172,172,172,165.5
212,19815,Christian Kirk,ARI,7,25,WR,WR77,null,null,null,null,null,165.5
215,11667,Brandon Marshall,SEA,null,38,WR,WR78,null,null,null,null,null,165.7
216,19853,Mike Gesicki,MIA,14,26,TE,TE21,null,null,null,null,null,165.9
217,16593,Cameron Brate,TB,9,30,TE,TE22,null,null,null,null,null,166
218,16063,Quincy Enunwa,NYJ,null,29,WR,WR79,null,null,null,null,null,166.2
219,55,Kansas City Chiefs,KC,12,null,DST,DST16,null,null,null,null,null,166.4
220,19843,Hayden Hurst,BAL,10,28,TE,TE23,null,null,null,null,null,166.5
221,2,Atlanta Falcons,ATL,6,null,DST,DST17,null,null,null,null,null,166.6
222,16112,Jeremy Hill,NE,null,29,RB,RB67,null,null,null,null,null,166.8
222,15261,Spencer Ware,KC,null,30,RB,RB68,null,null,null,null,null,166.8
224,19073,Harrison Butker,KC,12,26,K,K7,null,null,null,null,null,167.2
225,1,Arizona Cardinals,ARI,12,null,DST,DST18,null,null,null,null,null,167.3
226,13788,Rishard Matthews,TEN,null,32,WR,WR80,null,null,null,null,null,167.6
227,611,Joe Flacco,BAL,6,37,QB,QB31,null,null,null,null,null,168.7
228,16191,Chris Boswell,PIT,7,31,K,K8,null,null,null,null,null,168.9
229,1694,Mason Crosby,GB,13,37,K,K9,null,null,null,null,null,169
230,3388,Matt Bryant,ATL,null,46,K,K10,null,null,null,null,null,169.3
231,549,Matt Prater,DET,12,37,K,K11,null,null,null,null,null,169.4
232,3253,Sebastian Janikowski,SEA,null,44,K,K12,null,null,null,null,null,171
233,13109,Dan Bailey,DAL,null,34,K,K13,null,null,null,null,null,171.2
234,1410,Robbie Gould,SF,6,39,K,K14,null,null,null,null,null,171.3
234,34,Tennessee Titans,TEN,13,null,DST,DST19,null,null,null,null,null,171.3
236,14996,Brandon McManus,DEN,11,30,K,K15,null,null,null,null,null,171.7
237,3258,Adam Vinatieri,IND,null,49,K,K16,null,null,null,null,null,172.5
238,11,Detroit Lions,DET,9,null,DST,DST20,null,null,null,null,null,172.8
239,14740,Kai Forbath,MIN,null,34,K,K17,null,null,null,null,null,173.4
240,10333,Graham Gano,CAR,10,35,K,K18,null,null,null,null,null,174
241,97,Washington Commanders,WAS,9,null,DST,DST21,null,null,null,null,null,176
242,12,Green Bay Packers,GB,13,null,DST,DST22,null,null,null,null,null,177
243,15088,Terrance Williams,DAL,null,32,WR,WR81,null,null,null,null,null,178
244,48,Dallas Cowboys,DAL,7,null,DST,DST23,null,null,null,null,null,180
244,8529,Mike Wallace,PHI,null,35,WR,WR82,null,null,null,null,null,180
246,16411,Ryan Grant,IND,null,31,WR,WR83,null,null,null,null,null,181
247,16308,Albert Wilson,MIA,null,29,WR,WR84,243,243,243,243,243,182
248,83,Las Vegas Raiders,LV,8,null,DST,DST24,null,null,null,null,null,183
249,64,Miami Dolphins,MIA,14,null,DST,DST25,null,null,null,null,null,184
249,18926,Zay Jones,BUF,7,27,WR,WR85,null,null,null,null,null,184
251,7,Cincinnati Bengals,CIN,10,null,DST,DST26,null,null,null,null,null,185
251,11463,Brandon LaFell,LV,null,35,WR,WR86,null,null,null,null,null,185
253,93,San Francisco 49ers,SF,6,null,DST,DST27,null,null,null,null,null,186
254,14,Indianapolis Colts,IND,14,null,DST,DST28,null,null,null,null,null,187
255,37,Buffalo Bills,BUF,7,null,DST,DST29,null,null,null,null,null,188
256,95,Tampa Bay Buccaneers,TB,9,null,DST,DST30,null,null,null,null,null,189
256,16141,Willie Snead IV,BAL,null,29,WR,WR87,null,null,null,null,null,189
258,82,New York Jets,NYJ,6,null,DST,DST31,null,null,null,null,null,190
259,13799,Ryan Tannehill,MIA,13,33,QB,QB32,null,null,null,null,null,191
259,75,New York Giants,NYG,10,null,DST,DST32,null,null,null,null,null,191
261,6198,Darren Sproles,PHI,null,38,RB,RB69,null,null,null,null,null,194
262,13887,Travis Benjamin,LAC,null,32,WR,WR88,498,498,498,498,498,195
263,19897,Tre'Quan Smith,NO,6,26,WR,WR89,null,null,null,null,null,197
264,15126,Theo Riddick,DET,null,30,RB,RB70,693,693,693,693,693,199
265,13957,Kendall Wright,MIN,null,32,WR,WR90,null,null,null,null,null,201
266,13693,Terrelle Pryor,NYJ,null,32,WR,WR91,null,null,null,null,null,202
267,14749,Jermaine Kearse,NYJ,null,32,WR,WR92,null,null,null,null,null,203
268,19109,Elijah McGuire,NYJ,null,27,RB,RB71,null,null,null,null,null,204
269,16919,J.J. Nelson,ARI,null,30,WR,WR93,null,null,null,null,null,208
270,16326,Seth Roberts,LV,null,31,WR,WR94,null,null,null,null,null,212
271,14141,Cole Beasley,DAL,null,33,WR,WR95,152.6,152.6,152.6,152.6,152.6,214
272,16276,Bennie Fowler,CHI,null,30,WR,WR96,746,746,746,746,746,215
273,14352,Travaris Cadet,BUF,null,33,RB,RB72,null,null,null,null,null,218
274,16129,Taylor Gabriel,CHI,null,31,WR,WR97,null,null,null,null,null,221
275,18361,Chester Rogers,IND,null,28,WR,WR98,291,291,291,291,291,222
276,19064,Trent Taylor,SF,10,28,WR,WR99,null,null,null,null,null,223
277,17290,Adam Humphries,TB,null,28,WR,WR100,228,228,228,228,228,224
278,19085,De'Angelo Henderson,DEN,null,29,RB,RB73,null,null,null,null,null,226
279,16886,Javorius Allen,BAL,null,30,RB,RB74,null,null,null,null,null,228
280,19763,Josh Rosen,ARI,null,25,QB,QB33,546,546,546,546,546,229
281,18928,Curtis Samuel,CAR,9,25,WR,WR101,null,null,null,null,null,230
282,17197,Corey Grant,JAX,null,30,RB,RB75,null,null,null,null,null,231
283,18690,Jalen Richard,LV,null,28,RB,RB76,null,null,null,null,null,232
284,19919,Chase Edmonds,ARI,14,26,RB,RB77,null,null,null,null,null,233
285,16609,Charles Sims,TB,null,31,RB,RB78,null,null,null,null,null,235
286,17360,Rod Smith,DAL,null,30,RB,RB79,null,null,null,null,null,236
287,19937,Keke Coutee,HOU,14,25,WR,WR102,null,null,null,null,null,237
288,19816,DJ Chark Jr.,JAX,9,25,WR,WR103,null,null,null,null,null,238
289,16887,Mike Davis,SEA,6,29,RB,RB80,null,null,null,null,null,239
290,18996,Wayne Gallman,NYG,null,27,RB,RB81,150.4,150.4,150.4,150.4,150.4,240
291,17938,Corey Coleman,BUF,12,27,WR,WR104,null,null,null,null,null,241
292,19017,Josh Reynolds,LAR,null,27,WR,WR105,210,210,210,210,210,242
293,17964,Braxton Miller,HOU,null,29,WR,WR106,null,null,null,null,null,243
294,18954,Carlos Henderson,DEN,null,27,WR,WR107,null,null,null,null,null,244
295,16815,Ameer Abdullah,DET,8,28,RB,RB82,null,null,null,null,null,245
296,15215,Tavon Austin,DAL,null,32,WR,WR108,null,null,null,null,null,247
297,19854,Dante Pettis,SF,null,26,WR,WR109,312,312,312,312,312,248
298,14533,Robert Turbin,IND,null,32,RB,RB83,null,null,null,null,null,249
299,12794,Jeremy Kerley,BUF,null,33,WR,WR110,null,null,null,null,null,250
300,18103,Jakeem Grant Sr.,MIA,13,29,WR,WR111,null,null,null,null,null,251
301,18285,Roger Lewis,NYG,null,28,WR,WR112,null,null,null,null,null,252
302,14901,Kyle Juszczyk,SF,6,31,FB,RB84,null,null,null,null,null,253
303,15066,Brice Butler,ARI,null,32,WR,WR113,null,null,null,null,null,254
304,18985,Amara Darboh,NE,null,28,WR,WR114,null,null,null,null,null,255
305,16456,TJ Jones,DET,null,29,WR,WR115,null,null,null,null,null,256
306,16116,AJ McCarron,LV,null,31,QB,QB34,null,null,null,null,null,257
307,5282,Josh McCown,NYJ,null,42,QB,QB35,null,null,null,null,null,260
308,15509,Jaron Brown,SEA,null,32,WR,WR116,null,null,null,null,null,261
309,15256,Christine Michael,IND,null,31,RB,RB85,null,null,null,null,null,262
310,18885,Joe Williams,SF,null,28,RB,RB86,null,null,null,null,null,263
311,17053,Malcolm Brown,LAR,null,28,RB,RB87,151.1,151.1,151.1,151.1,151.1,264
312,16934,Cameron Artis-Payne,CAR,null,29,RB,RB88,null,null,null,null,null,265
313,11527,Sam Bradford,ARI,null,34,QB,QB36,null,null,null,null,null,266
314,18070,Wendell Smallwood,PHI,null,28,RB,RB89,null,null,null,null,null,267
315,8532,Kenny Britt,NE,null,33,WR,WR117,null,null,null,null,null,268
316,16837,Chris Conley,KC,10,29,WR,WR118,null,null,null,null,null,269
317,12830,Torrey Smith,CAR,null,33,WR,WR119,null,null,null,null,null,270
318,5451,Jonathan Stewart,NYG,null,35,RB,RB90,null,null,null,null,null,271
319,16142,Terrance West,NO,null,31,RB,RB91,null,null,null,null,null,272
320,19915,Mark Walton,CIN,null,25,RB,RB92,null,null,null,null,null,273
321,18283,Hunter Sharp,NYG,null,28,WR,WR120,null,null,null,null,null,275
322,18602,Tanner McEvoy,MIA,null,29,WR,WR121,null,null,null,null,null,276
323,19032,T.J. Logan,ARI,null,27,RB,RB93,null,null,null,null,null,277
324,18089,Rashard Higgins,CLE,13,27,WR,WR122,null,null,null,null,null,278
325,12751,Charles Clay,BUF,null,33,TE,TE24,null,null,null,null,null,279
326,18030,Chris Moore,BAL,null,28,WR,WR123,932,932,932,932,932,280
327,19935,J'Mon Moore,GB,null,26,WR,WR124,null,null,null,null,null,281
328,15150,Cordarrelle Patterson,NE,6,31,RB,RB94,null,null,null,null,null,282
329,19916,DaeSean Hamilton,DEN,10,27,WR,WR125,null,null,null,null,null,284
330,17050,Thomas Rawls,NYJ,null,28,RB,RB95,null,null,null,null,null,285
331,15239,Vance McDonald,PIT,null,31,TE,TE25,null,null,null,null,null,286
332,8534,Jared Cook,LV,null,35,TE,TE26,151,151,151,151,151,288
333,19925,Jaleel Scott,BAL,null,27,WR,WR126,1209,1209,1209,1209,1209,289
334,19959,Jordan Lasley,BAL,null,25,WR,WR127,null,null,null,null,null,290
335,18974,Chad Williams,ARI,null,27,WR,WR128,1059,1059,1059,1059,1059,296
336,19023,Mack Hollins,PHI,8,28,WR,WR129,null,null,null,null,null,297
337,19318,Kendrick Bourne,SF,14,26,WR,WR130,null,null,null,null,null,298
338,19801,Josh Allen,BUF,7,25,QB,QB37,null,null,null,null,null,299
339,14985,Ryan Griffin,HOU,10,32,TE,TE27,null,null,null,null,null,300
340,16278,Cody Latimer,NYG,null,29,WR,WR131,null,null,null,null,null,301
341,14872,Mike Gillislee,NO,null,31,RB,RB96,null,null,null,null,null,302
342,16768,Kevin White,CHI,6,28,WR,WR132,null,null,null,null,null,303
343,18047,Demarcus Robinson,KC,8,27,WR,WR133,null,null,null,null,null,304
344,17965,C.J. Prosise,SEA,null,27,RB,RB97,900,900,900,900,900,306
345,17914,Laquon Treadwell,MIN,7,26,WR,WR134,null,null,null,null,null,307
346,18034,Malcolm Mitchell,NE,null,29,WR,WR135,null,null,null,null,null,308
347,16856,Matt Jones,PHI,null,26,RB,RB98,null,null,null,null,null,309
348,18061,DeAndre Washington,LV,null,29,RB,RB99,null,null,null,null,null,310
349,18935,Gerald Everett,LAR,7,27,TE,TE28,null,null,null,null,null,312
350,17986,Tyler Boyd,CIN,10,27,WR,WR136,null,null,null,null,null,313
351,13016,Virgil Green,LAC,null,33,TE,TE29,null,null,null,null,null,314
352,18241,Johnny Holton,LV,null,30,WR,WR137,null,null,null,null,null,316
353,16189,Alfred Blue,HOU,null,31,RB,RB100,null,null,null,null,null,317
354,19976,Marquez Valdes-Scantling,GB,12,27,WR,WR138,null,null,null,null,null,318
355,20398,Equanimeous St. Brown,GB,10,25,WR,WR139,null,null,null,null,null,319
356,14789,Jamize Olawale,DAL,null,33,FB,RB101,null,null,null,null,null,320
357,15263,Luke Willson,DET,null,32,TE,TE30,712,712,712,712,712,321
358,19008,Ryan Switzer,PIT,null,27,WR,WR140,null,null,null,null,null,322
359,18036,Ricardo Louis,CLE,null,28,WR,WR141,null,null,null,null,null,323
360,8283,Ryan Fitzpatrick,TB,null,39,QB,QB38,157.1,157.1,157.1,157.1,157.1,324
361,18080,Trevor Davis,GB,null,28,WR,WR142,948,948,948,948,948,325
362,5084,Vernon Davis,WAS,null,38,TE,TE31,null,null,null,null,null,326
363,13418,Anthony Sherman,KC,null,33,FB,RB102,null,null,null,null,null,327
364,18700,Austin Traylor,DEN,null,28,TE,TE32,null,null,null,null,null,328
365,18445,Mike Thomas,LAR,10,27,WR,WR143,null,null,null,null,null,330
366,17023,Zach Zenner,DET,null,30,RB,RB103,null,null,null,null,null,331
367,19539,Travis Rudolph,NYG,null,26,WR,WR144,null,null,null,null,null,332
368,19029,Nathan Peterman,BUF,null,27,QB,QB39,1081,1081,1081,1081,1081,333
369,16497,Teddy Bridgewater,NO,14,29,QB,QB40,null,null,null,null,null,336
370,18093,Andy Janovich,DEN,10,28,FB,RB104,null,null,null,null,null,337
371,14978,Justin Hunter,PIT,null,30,WR,WR145,null,null,null,null,null,338
372,12153,Ed Dickson,SEA,null,34,TE,TE33,null,null,null,null,null,339
373,18931,Adam Shaheen,CHI,14,27,TE,TE34,null,null,null,null,null,340
374,16868,Justin Hardy,ATL,null,30,WR,WR146,827,827,827,827,827,341
375,18617,Elijhaa Penny,ARI,10,28,RB,RB105,null,null,null,null,null,342
376,19010,Michael Roberts,DET,null,27,TE,TE35,null,null,null,null,null,343
377,14850,Russell Shepard,NYG,null,31,WR,WR147,null,null,null,null,null,344
378,19348,Jesus Wilson,TB,null,27,WR,WR148,null,null,null,null,null,345
379,15555,Zach Line,NO,null,32,FB,RB106,null,null,null,null,null,346
380,18997,Jake Butt,DEN,null,26,TE,TE36,1069,1069,1069,1069,1069,348
381,13856,Deonte Thompson,DAL,null,33,WR,WR149,null,null,null,null,null,349
382,17217,Raheem Mostert,SF,14,30,RB,RB107,null,null,null,null,null,351
383,17139,Josh Lambo,JAX,null,31,K,K19,396,396,396,396,396,353
384,17153,Jordan Taylor,DEN,null,30,WR,WR150,null,null,null,null,null,354
385,8750,Ryan Succop,TEN,9,35,K,K20,null,null,null,null,null,355
386,19863,Dallas Goedert,PHI,14,27,TE,TE37,null,null,null,null,null,356
387,13264,Andre Holmes,BUF,null,33,WR,WR151,null,null,null,null,null,357
388,18215,Ka'imi Fairbairn,HOU,10,28,K,K21,null,null,null,null,null,363
389,18673,Jaydon Mickens,JAX,null,28,WR,WR152,1010,1010,1010,1010,1010,364
390,14867,Dustin Hopkins,WAS,null,31,K,K22,393,393,393,393,393,365
391,18349,Brandon Wilds,ARI,null,28,RB,RB108,null,null,null,null,null,366
392,17079,Kasen Williams,IND,null,29,WR,WR153,null,null,null,null,null,367
393,18014,Leonte Carroo,MIA,null,28,WR,WR154,null,null,null,null,null,368
394,5714,Phil Dawson,ARI,null,47,K,K23,null,null,null,null,null,369
395,16644,Chandler Catanzaro,TB,null,31,K,K24,null,null,null,null,null,371
396,14795,Josh Bellamy,CHI,null,32,WR,WR155,null,null,null,null,null,372
397,14496,Garrett Celek,SF,null,33,TE,TE38,null,null,null,null,null,373
398,14877,Caleb Sturgis,LAC,null,32,K,K25,null,null,null,null,null,374
399,11026,Jermaine Gresham,ARI,null,33,TE,TE39,null,null,null,null,null,375
400,16273,Kapri Bibbs,WAS,null,29,RB,RB109,null,null,null,null,null,376
401,20038,Braxton Berrios,NE,6,26,WR,WR156,null,null,null,null,null,377
402,16664,Bruce Ellington,HOU,null,30,WR,WR157,null,null,null,null,null,378
403,20077,Richie James,SF,10,26,WR,WR158,null,null,null,null,null,379
404,16846,Tyler Kroft,CIN,null,29,TE,TE40,362,362,362,362,362,380
405,16031,Damien Williams,KC,6,30,RB,RB110,null,null,null,null,null,381
406,15758,Giorgio Tavecchio,ATL,null,31,K,K26,null,null,null,null,null,382
407,19559,Sean Culkin,LAC,null,28,TE,TE41,1145,1145,1145,1145,1145,383
408,18660,Maxwell McCaffrey,SF,null,27,WR,WR159,null,null,null,null,null,384
409,18032,Tyler Higbee,LAR,11,29,TE,TE42,null,null,null,null,null,385
410,12594,Stephen Hauschka,BUF,null,36,K,K27,null,null,null,null,null,386
411,18965,Ardarius Stewart,NYJ,null,28,WR,WR160,null,null,null,null,null,387
412,19922,Justin Watson,TB,12,27,WR,WR161,null,null,null,null,null,388
413,20079,Trey Quinn,WAS,null,26,WR,WR162,1273,1273,1273,1273,1273,389
414,13299,Jacquizz Rodgers,TB,null,32,RB,RB111,null,null,null,null,null,390
415,18058,Taja√© Sharpe,TEN,null,27,WR,WR163,350,350,350,350,350,391
416,18116,Cody Core,CIN,14,28,WR,WR164,null,null,null,null,null,392
417,20033,Jason Sanders,MIA,14,26,K,K28,null,null,null,null,null,393
418,14891,Tommy Bohanon,JAX,null,31,FB,RB112,null,null,null,null,null,394
419,14111,Rod Streater,BUF,null,34,WR,WR165,null,null,null,null,null,395
420,18990,Jonnu Smith,TEN,14,26,TE,TE43,null,null,null,null,null,396
421,18157,Charone Peake,NYJ,null,29,WR,WR166,null,null,null,null,null,397
422,19969,Damion Ratley,CLE,null,27,WR,WR167,1236,1236,1236,1236,1236,398
423,16920,Jesse James,PIT,null,27,TE,TE44,516,516,516,516,516,399
424,18209,Marcus Johnson,IND,6,27,WR,WR168,null,null,null,null,null,400
425,17215,Jason Myers,NYJ,9,30,K,K29,null,null,null,null,null,401
426,18645,Aldrick Rosas,NYG,9,27,K,K30,null,null,null,null,null,402
427,16301,Cairo Santos,NYJ,10,30,K,K31,null,null,null,null,null,403
428,19079,Zane Gonzalez,CLE,null,26,K,K32,491,491,491,491,491,404
429,16853,Jeff Heuerman,DEN,null,29,TE,TE45,null,null,null,null,null,405
430,18019,Nick Vannett,SEA,6,29,TE,TE46,null,null,null,null,null,406
431,13961,Randy Bullock,CIN,13,32,K,K33,null,null,null,null,null,407
432,15207,Benjamin Cunningham,CHI,null,31,RB,RB113,null,null,null,null,null,408
433,18041,Tyler Ervin,HOU,null,28,RB,RB114,null,null,null,null,null,409
434,16236,Cody Parkey,CHI,null,30,K,K34,741,741,741,741,741,410
435,19811,Marcell Ateman,LV,null,27,WR,WR169,1153,1153,1153,1153,1153,411
436,16966,Aaron Ripkowski,GB,null,29,FB,RB115,null,null,null,null,null,412
437,20011,Javon Wims,CHI,13,27,WR,WR170,null,null,null,null,null,413
438,19276,Austin Carr,NO,null,28,WR,WR171,null,null,null,null,null,414
439,18152,Dwayne Washington,NO,6,28,RB,RB116,null,null,null,null,null,415
440,17102,Mack Brown,WAS,null,30,RB,RB117,null,null,null,null,null,416
441,20012,Bo Scarbrough,JAX,null,25,RB,RB118,null,null,null,null,null,417
442,15305,Demetrius Harris,KC,null,30,TE,TE47,510,510,510,510,510,418
443,19982,Dylan Cantrell,LAC,9,27,TE,TE48,null,null,null,null,null,419
444,18129,Aaron Burbridge,SF,null,28,WR,WR172,null,null,null,null,null,420
445,17071,Shane Wynn,JAX,null,29,WR,WR173,null,null,null,null,null,421
446,19060,Shelton Gibson,PHI,null,27,WR,WR174,null,null,null,null,null,422
447,19582,Reggie Davis,ATL,null,26,WR,WR175,null,null,null,null,null,423
448,20006,Russell Gage,ATL,9,26,WR,WR176,null,null,null,null,null,424
449,20057,Auden Tate,CIN,6,25,WR,WR177,null,null,null,null,null,425
450,20039,Boston Scott,NO,14,27,RB,RB119,null,null,null,null,null,426
451,18262,Stephen Anderson,NE,12,29,TE,TE49,null,null,null,null,null,427
452,8771,Darrius Heyward-Bey,PIT,null,35,WR,WR178,null,null,null,null,null,428
453,19431,Tanner Gentry,CHI,7,27,WR,WR179,null,null,null,null,null,429
454,20016,David Williams,JAX,null,27,RB,RB120,null,null,null,null,null,430
455,19981,Daurice Fountain,IND,null,26,WR,WR180,386,386,386,386,386,431
456,15010,Kerwynn Williams,KC,null,30,RB,RB121,null,null,null,null,null,432
457,19924,Ito Smith,ATL,null,26,RB,RB122,1208,1208,1208,1208,1208,433
458,17005,Geoff Swaim,DAL,13,28,TE,TE50,null,null,null,null,null,434
459,19950,Will Dissly,SEA,9,25,TE,TE51,null,null,null,null,null,435
460,14465,Jarius Wright,CAR,null,32,WR,WR181,null,null,null,null,null,437
461,16305,De'Anthony Thomas,KC,null,29,WR,WR182,null,null,null,null,null,438
462,18464,J.D. McKissic,SEA,9,28,RB,RB123,null,null,null,null,null,439
463,19080,Noah Brown,DAL,null,26,WR,WR183,311,311,311,311,311,440
464,19961,Ray-Ray McCloud,BUF,6,25,WR,WR184,null,null,null,null,null,441
465,20052,Austin Proehl,BUF,10,26,WR,WR185,null,null,null,null,null,442
466,19996,Jaylen Samuels,PIT,12,25,RB,RB124,null,null,null,null,null,443
467,20064,Justin Jackson,LAC,null,26,RB,RB125,160.5,160.5,160.5,160.5,160.5,444
468,18508,Andy Jones,DET,null,27,WR,WR186,null,null,null,null,null,445
469,17219,Daniel Brown,CHI,null,29,TE,TE52,519,519,519,519,519,446
470,19627,Chris Thompson,HOU,null,27,WR,WR187,null,null,null,null,null,447
471,19980,Deon Cain,IND,14,25,WR,WR188,1239,1239,1239,1239,1239,448
472,19024,Donnel Pumphrey,PHI,null,27,RB,RB126,null,null,null,null,null,449
473,16790,Phillip Dorsett II,NE,10,29,WR,WR189,null,null,null,null,null,450
474,16944,Kaelin Clay,NYG,null,30,WR,WR190,null,null,null,null,null,451
475,19529,Justin Davis,LAR,null,26,RB,RB127,null,null,null,null,null,452
476,19175,Dalton Crossan,TB,null,28,RB,RB128,null,null,null,null,null,453
477,12774,Stevan Ridley,PIT,null,33,RB,RB129,null,null,null,null,null,454
478,20040,Trenton Cannon,NYJ,13,27,RB,RB130,null,null,null,null,null,456
479,19033,Brian Hill,ATL,null,26,RB,RB131,null,null,null,null,null,457
480,18376,Alan Cross,TB,null,28,FB,RB132,null,null,null,null,null,458
481,16954,Nick O'Leary,MIA,null,29,TE,TE53,null,null,null,null,null,459
482,18443,Maurice Harris,WAS,null,29,WR,WR191,null,null,null,null,null,460
483,19910,Ian Thomas,CAR,null,25,TE,TE54,445,445,445,445,445,461
484,17754,Will Tye,NE,null,30,TE,TE55,null,null,null,null,null,462
485,15866,Josh Hill,NO,null,31,TE,TE56,724,724,724,724,724,464
486,3061,Marcedes Lewis,GB,13,37,TE,TE57,null,null,null,null,null,465
487,18197,Alex Erickson,CIN,null,29,WR,WR192,372,372,372,372,372,466
488,19420,Brandon Reilly,BUF,null,28,WR,WR193,null,null,null,null,null,467
489,17962,Roberto Aguayo,LAC,null,27,K,K35,899,899,899,899,899,468
490,19943,Durham Smythe,MIA,14,26,TE,TE58,null,null,null,null,null,469
491,19021,Chad Hansen,NE,6,27,WR,WR194,null,null,null,null,null,470
492,18611,Bryce Treggs,PHI,null,28,WR,WR195,null,null,null,null,null,471
493,16567,Brandon Coleman,NO,null,29,WR,WR196,null,null,null,null,null,472
494,16307,Charcandrick West,NYJ,null,30,RB,RB133,null,null,null,null,null,473
495,14786,Patrick DiMarco,BUF,null,33,FB,RB134,null,null,null,null,null,474
496,14783,James Develin,NE,null,33,FB,RB135,null,null,null,null,null,475
497,19920,Dalton Schultz,DAL,7,25,TE,TE59,null,null,null,null,null,476
498,17141,Damiere Byrd,CAR,6,29,WR,WR197,null,null,null,null,null,477
499,18253,D.J. Foster,ARI,null,28,RB,RB136,null,null,null,null,null,478
500,16578,Seantavious Jones,IND,null,29,WR,WR198,null,null,null,null,null,479
501,18115,Derek Watt,LAC,7,29,FB,RB137,null,null,null,null,null,480
502,16829,Clive Walford,NYJ,null,30,TE,TE60,null,null,null,null,null,481
503,18057,Seth DeValve,CLE,null,29,TE,TE61,null,null,null,null,null,482
504,14445,Rhett Ellison,NYG,null,33,TE,TE62,null,null,null,null,null,483
505,16931,Nick Boyle,BAL,8,29,TE,TE63,null,null,null,null,null,484
506,19015,Jehu Chesson,KC,null,29,WR,WR199,null,null,null,null,null,485
507,19599,Trey Edmunds,PIT,7,27,RB,RB138,null,null,null,null,null,486
508,19457,Blake Jarwin,DAL,null,27,TE,TE64,319,319,319,319,319,487
509,14973,Markus Wheaton,PHI,null,31,WR,WR200,null,null,null,null,null,488
510,19006,Josh Malone,CIN,13,26,WR,WR201,null,null,null,null,null,489
511,12777,Lee Smith,LV,null,34,TE,TE65,557,557,557,557,557,490
512,18105,David Morgan,MIN,null,28,TE,TE66,null,null,null,null,null,491
513,19067,Jeremy Sprinkle,WAS,7,27,TE,TE67,null,null,null,null,null,492
514,17182,Gabe Holmes,ARI,null,31,TE,TE68,null,null,null,null,null,493
515,19541,Shane Smith,NYG,null,28,FB,RB139,null,null,null,null,null,494
516,16928,Michael Burton,CHI,12,30,FB,RB140,null,null,null,null,null,495
517,16395,Xavier Grimble,PIT,null,29,TE,TE69,760,760,760,760,760,496
518,16081,Michael Campanaro,TEN,null,31,WR,WR202,null,null,null,null,null,497
519,18717,Marvin Hall,ATL,null,29,WR,WR203,1011,1011,1011,1011,1011,498
520,19090,Devante Mays,CLE,null,27,RB,RB141,null,null,null,null,null,499
521,18652,C.J. Ham,MIN,7,28,FB,RB142,null,null,null,null,null,500
522,16210,Jay Prosch,HOU,null,29,FB,RB143,null,null,null,null,null,501
523,16480,Jeff Janis,CLE,null,30,WR,WR204,null,null,null,null,null,502
524,18153,Daniel Lasco,NO,null,29,RB,RB144,null,null,null,null,null,503
525,15190,Ryan Griffin,TB,9,32,QB,QB41,null,null,null,null,null,504
526,13117,Dwayne Harris,LV,null,34,WR,WR205,null,null,null,null,null,505
527,16989,Marcus Murphy,BUF,null,30,RB,RB145,null,null,null,null,null,506
528,13987,Dwayne Allen,NE,null,32,TE,TE70,null,null,null,null,null,507
529,16962,AJ Derby,MIA,null,30,TE,TE71,null,null,null,null,null,508
530,13170,Niles Paul,JAX,null,32,TE,TE72,null,null,null,null,null,509
531,15378,Levine Toilolo,DET,null,30,TE,TE73,null,null,null,null,null,510
532,11345,Logan Paulsen,ATL,null,35,TE,TE74,null,null,null,null,null,511
533,13171,Aldrick Robinson,SF,null,33,WR,WR206,null,null,null,null,null,512
534,18114,Danny Vitale,CLE,null,28,FB,RB146,956,956,956,956,956,513
535,16656,Logan Thomas,BUF,9,30,TE,TE75,null,null,null,null,null,514
536,16699,Fitzgerald Toussaint,PIT,null,31,RB,RB147,null,null,null,null,null,515
537,19093,Marquez Williams,CLE,null,27,FB,RB148,null,null,null,null,null,516
538,14876,Dion Sims,CHI,null,31,TE,TE76,null,null,null,null,null,517
539,16238,Erik Swoope,IND,null,29,TE,TE77,null,null,null,null,null,518
540,17223,Eric Tomlinson,NYJ,11,30,TE,TE78,null,null,null,null,null,519
541,18339,Tre Madden,SEA,null,28,RB,RB149,null,null,null,null,null,520
542,20018,Nick Bawden,DET,6,25,FB,RB150,null,null,null,null,null,521
543,18018,Jacoby Brissett,IND,13,29,QB,QB42,null,null,null,null,null,522
544,13741,Brandon Bolden,MIA,8,32,RB,RB151,null,null,null,null,null,523
545,16378,Keith Smith,LV,6,30,FB,RB152,null,null,null,null,null,524
546,20069,Ryan Izzo,NE,null,26,TE,TE79,353,353,353,353,353,525
547,13063,Taiwan Jones,BUF,7,33,RB,RB153,null,null,null,null,null,526
548,15371,MarQueis Gray,MIA,null,32,TE,TE80,null,null,null,null,null,527
549,19973,Troy Fumagalli,DEN,null,27,TE,TE81,null,null,null,null,null,528
550,16787,Breshad Perriman,BAL,9,28,WR,WR207,null,null,null,null,null,529
551,11535,Michael Hoomanawanui,NO,null,33,TE,TE82,null,null,null,null,null,530
552,19988,Tyler Conklin,MIN,6,26,TE,TE83,null,null,null,null,null,531
553,18101,Jerell Adams,HOU,null,29,TE,TE84,null,null,null,null,null,532
554,19335,Antony Auclair,TB,10,28,TE,TE85,null,null,null,null,null,533
555,20020,Jordan Thomas,HOU,null,25,TE,TE86,1252,1252,1252,1252,1252,534
556,19461,Cooper Rush,DAL,7,28,QB,QB43,null,null,null,null,null,535
557,15191,Austin Johnson,TB,null,32,FB,RB154,null,null,null,null,null,536
558,16491,Richard Rodgers,PHI,14,30,TE,TE87,null,null,null,null,null,537
559,15038,Tavarres King,MIN,null,31,WR,WR208,null,null,null,null,null,538
560,19035,Eric Saubert,ATL,null,28,TE,TE88,530,530,530,530,530,539
561,15640,Derek Carrier,LV,null,31,TE,TE89,523,523,523,523,523,540
562,17750,Ross Travis,IND,null,29,TE,TE90,875,875,875,875,875,541
563,16933,James O'Shaughnessy,JAX,10,30,TE,TE91,null,null,null,null,null,542
564,19078,Matt Dayes,SF,null,27,RB,RB155,null,null,null,null,null,543
565,13386,Lance Kendricks,GB,null,34,TE,TE92,null,null,null,null,null,544
566,16917,C.J. Uzomah,CIN,6,29,TE,TE93,null,null,null,null,null,545
567,18094,Temarrick Hemingway,DEN,9,28,TE,TE94,null,null,null,null,null,546
568,19075,Mason Schreck,CIN,10,28,TE,TE95,null,null,null,null,null,547
569,19494,Evan Baylis,CAR,null,28,TE,TE96,1140,1140,1140,1140,1140,548
570,19030,Bucky Hodges,PIT,null,26,TE,TE97,null,null,null,null,null,549
571,18401,Tommylee Lewis,NO,null,29,WR,WR209,989,989,989,989,989,550
572,17154,Khari Lee,BUF,null,30,TE,TE98,null,null,null,null,null,551
573,19903,Jordan Akins,HOU,10,30,TE,TE99,null,null,null,null,null,552
574,18973,C.J. Beathard,SF,7,28,QB,QB44,null,null,null,null,null,553
575,16869,Jalston Fowler,ATL,null,27,RB,RB156,null,null,null,null,null,554
576,15966,David Fluellen,TEN,null,30,RB,RB157,null,null,null,null,null,555
577,18272,Ryan Malleck,PIT,null,28,TE,TE100,null,null,null,null,null,556
578,13723,Nick Foles,PHI,10,33,QB,QB45,null,null,null,null,null,557
579,18868,DeShone Kizer,GB,null,26,QB,QB46,1013,1013,1013,1013,1013,558
580,17009,Trevor Siemian,MIN,10,30,QB,QB47,null,null,null,null,null,559
581,12982,Blaine Gabbert,TEN,9,32,QB,QB48,null,null,null,null,null,560
582,18735,Sam Ficken,LAR,13,29,K,K36,null,null,null,null,null,561
583,16848,Sammie Coates,HOU,null,29,WR,WR210,null,null,null,null,null,562
584,16529,Freddie Martino,TB,null,30,WR,WR211,null,null,null,null,null,563
585,18039,Pharoh Cooper,LAR,null,27,WR,WR212,null,null,null,null,null,564
586,14053,Brock Osweiler,MIA,null,31,QB,QB49,null,null,null,null,null,565
587,19176,Darrell Daniels,SEA,null,27,TE,TE101,466,466,466,466,466,566
588,19281,Jacob Hollister,NE,8,28,TE,TE102,null,null,null,null,null,567
589,17929,Paxton Lynch,DEN,null,28,QB,QB50,null,null,null,null,null,568
590,16441,Senorise Perry,MIA,null,30,RB,RB158,null,null,null,null,null,569
591,15247,Darren Fells,CLE,null,36,TE,TE103,null,null,null,null,null,570
592,16111,Ryan Hewitt,CIN,null,31,TE,TE104,null,null,null,null,null,571
593,17762,Chris Manhertz,CAR,7,30,TE,TE105,null,null,null,null,null,572
594,16988,Ben Koyack,JAX,null,29,TE,TE106,null,null,null,null,null,573
595,16211,Tom Savage,SF,null,32,QB,QB51,null,null,null,null,null,574
596,18422,Kalif Raymond,NYG,9,27,WR,WR213,null,null,null,null,null,575
597,16648,Troy Niklas,NE,null,29,TE,TE107,null,null,null,null,null,576
598,13370,Luke Stocker,TEN,null,33,TE,TE108,633,633,633,633,633,577
599,14868,EJ Manuel,LV,null,32,QB,QB52,null,null,null,null,null,578
600,8358,Brian Hoyer,NE,14,36,QB,QB53,null,null,null,null,null,579
601,14424,Brian Quick,WAS,null,32,WR,WR214,null,null,null,null,null,580
602,17355,Quan Bray,HOU,null,29,WR,WR215,null,null,null,null,null,581
603,16946,Geremy Davis,LAC,null,30,WR,WR216,null,null,null,null,null,582
604,15268,Nick Williams,TEN,null,31,WR,WR217,null,null,null,null,null,583
605,17269,DeAndrew White,DEN,null,30,WR,WR218,null,null,null,null,null,584
606,14855,Matt Barkley,CIN,7,31,QB,QB54,null,null,null,null,null,585
607,19326,Cole Hikutini,MIN,null,27,TE,TE109,1130,1130,1130,1130,1130,586
608,19065,Jeremy McNichols,DEN,null,26,RB,RB159,null,null,null,null,null,587
609,18764,Troymaine Pope,HOU,null,28,RB,RB160,null,null,null,null,null,588
610,16534,Roosevelt Nix,PIT,null,30,FB,RB161,null,null,null,null,null,589
611,18225,Russell Hansbrough,LAC,null,28,RB,RB162,null,null,null,null,null,590
612,19205,Taquan Mizzell,CHI,null,28,RB,RB163,1114,1114,1114,1114,1114,591
613,16907,Brett Hundley,SEA,null,28,QB,QB55,835,835,835,835,835,592
614,18079,Kevin Hogan,DEN,13,29,QB,QB56,null,null,null,null,null,593
615,14257,Robert Griffin III,BAL,null,32,QB,QB57,null,null,null,null,null,594
616,16864,Bryce Petty,MIA,null,30,QB,QB58,null,null,null,null,null,595
617,2405,Chad Henne,KC,12,36,QB,QB59,null,null,null,null,null,596
618,9902,Chase Daniel,CHI,7,35,QB,QB60,null,null,null,null,null,597
619,18229,Ben Braunecker,CHI,null,28,TE,TE110,null,null,null,null,null,598
620,17966,Cody Kessler,JAX,null,28,QB,QB61,null,null,null,null,null,599
621,13910,Brandon Weeden,HOU,null,38,QB,QB62,null,null,null,null,null,600
622,11047,Colt McCoy,WAS,12,35,QB,QB63,null,null,null,null,null,601
623,4633,Matt Schaub,ATL,null,40,QB,QB64,null,null,null,null,null,602
624,14404,Austin Davis,SEA,null,32,QB,QB65,null,null,null,null,null,603
625,14895,Geno Smith,LAC,9,31,QB,QB66,null,null,null,null,null,604
626,8723,Matt Cassel,DET,null,39,QB,QB67,null,null,null,null,null,605
627,18073,Jonathan Williams,IND,null,28,RB,RB164,540,540,540,540,540,606
628,16850,Sean Mannion,LAR,7,30,QB,QB68,null,null,null,null,null,607
629,17004,Tre McBride,NYJ,null,29,WR,WR219,null,null,null,null,null,608
630,19100,Stacy Coley,MIN,null,27,WR,WR220,null,null,null,null,null,609
631,15201,Mike Glennon,ARI,null,32,QB,QB69,514,514,514,514,514,610
632,19972,Mike White,DAL,6,27,QB,QB70,null,null,null,null,null,611
633,17932,Connor Cook,CAR,null,29,QB,QB71,null,null,null,null,null,612
634,17741,Matt Lengel,HOU,null,31,TE,TE111,null,null,null,null,null,613
635,18104,Nate Sudfeld,PHI,6,28,QB,QB72,null,null,null,null,null,614
636,4737,Drew Stanton,CLE,null,37,QB,QB73,null,null,null,null,null,615
637,16621,Garrett Gilbert,CAR,8,30,QB,QB74,null,null,null,null,null,616
638,2428,Carson Palmer,ARI,null,42,QB,QB75,null,null,null,null,null,617
639,8972,Jay Cutler,MIA,null,39,QB,QB76,null,null,null,null,null,618
640,13103,Scott Tolzien,IND,null,34,QB,QB77,null,null,null,null,null,619
641,17927,Christian Hackenberg,PHI,null,27,QB,QB78,null,null,null,null,null,620
642,5834,Matt Moore,MIA,null,37,QB,QB79,null,null,null,null,null,621
643,18118,Brandon Allen,LAR,10,29,QB,QB80,null,null,null,null,null,622
644,17974,Trevone Boykin,SEA,null,28,QB,QB81,null,null,null,null,null,623
645,14971,Landry Jones,PIT,null,33,QB,QB82,null,null,null,null,null,624
646,12956,TJ Yates,HOU,null,34,QB,QB83,null,null,null,null,null,625
647,12083,Derek Anderson,BUF,null,38,QB,QB84,null,null,null,null,null,626
648,5054,Kellen Clemens,LAC,null,38,QB,QB85,null,null,null,null,null,627
649,12771,Ryan Mallett,BAL,null,33,QB,QB86,null,null,null,null,null,628
650,17971,Cardale Jones,LAC,null,29,QB,QB87,null,null,null,null,null,629
651,18525,Joe Callahan,PHI,null,28,QB,QB88,null,null,null,null,null,630
652,18907,Davis Webb,NYJ,10,27,QB,QB89,null,null,null,null,null,631
653,18897,Chad Kelly,DEN,null,28,QB,QB90,null,null,null,null,null,632
654,15037,Zac Dysert,DAL,null,32,QB,QB91,null,null,null,null,null,633
655,18123,Jeff Driskel,CIN,10,29,QB,QB92,null,null,null,null,null,634
656,18139,Brandon Doughty,ARI,null,30,QB,QB93,null,null,null,null,null,635
657,19025,Joshua Dobbs,PIT,13,27,QB,QB94,null,null,null,null,null,636
658,16261,Stephen Morris,HOU,null,29,QB,QB95,null,null,null,null,null,637
659,18220,Joel Stave,NYJ,null,29,QB,QB96,null,null,null,null,null,638
660,16430,David Fales,MIA,null,31,QB,QB97,null,null,null,null,null,639
661,6489,Josh Johnson,LV,11,35,QB,QB98,null,null,null,null,null,640
662,8415,Mark Sanchez,CHI,null,35,QB,QB99,null,null,null,null,null,641
663,11422,Joe Webb,HOU,null,35,QB,QB100,null,null,null,null,null,642
664,14657,Alex Tanney,NYG,null,34,QB,QB101,null,null,null,null,null,643
665,15293,Tyler Bray,CHI,null,30,QB,QB102,null,null,null,null,null,644
666,13124,DeMarco Murray,TEN,null,34,RB,RB165,null,null,null,null,null,645
667,15138,Eddie Lacy,SEA,null,31,RB,RB166,null,null,null,null,null,646
668,12780,Shane Vereen,NO,null,33,RB,RB167,null,null,null,null,null,648
669,7969,Jamaal Charles,DEN,null,35,RB,RB168,null,null,null,null,null,649
670,16345,Branden Oliver,IND,null,30,RB,RB169,null,null,null,null,null,650
671,16008,Orleans Darkwa,NYG,null,30,RB,RB170,null,null,null,null,null,652
672,10949,CJ Spiller,KC,null,34,RB,RB171,null,null,null,null,null,653
673,19111,Elijah Hood,CAR,null,26,RB,RB172,null,null,null,null,null,654
674,4738,Mike Tolbert,BUF,null,36,FB,RB173,null,null,null,null,null,655
675,16867,Jeremy Langford,MIA,null,30,RB,RB174,null,null,null,null,null,656
676,14731,Lance Dunbar,LAR,null,32,RB,RB175,null,null,null,null,null,657
677,1589,John Kuhn,NO,null,39,FB,RB176,null,null,null,null,null,658
678,15224,Andre Ellington,HOU,null,33,RB,RB177,null,null,null,null,null,659
679,18299,Kenneth Farrow,LAC,null,29,RB,RB178,null,null,null,null,null,660
680,15185,Kenjon Barner,NE,9,33,RB,RB179,null,null,null,null,null,661
681,17089,Terron Ward,ATL,null,30,RB,RB180,null,null,null,null,null,662
682,18217,Josh Ferguson,HOU,null,28,RB,RB181,null,null,null,null,null,663
683,17066,Terrell Watson,NYG,null,28,RB,RB182,null,null,null,null,null,664
684,17026,John Crockett,BAL,null,30,RB,RB183,null,null,null,null,null,665
685,19129,Khalfani Muhammad,TEN,null,27,RB,RB184,null,null,null,null,null,666
686,18256,Byron Marshall,WAS,null,28,RB,RB185,null,null,null,null,null,667
687,16955,Malcolm Johnson,SF,null,29,FB,RB186,null,null,null,null,null,668
688,16402,Andre Williams,LAC,null,29,RB,RB187,null,null,null,null,null,669
689,18452,Joe Kerridge,GB,null,29,FB,RB188,null,null,null,null,null,670
690,17067,Bronson Hill,GB,null,29,RB,RB189,null,null,null,null,null,671
691,16309,George Atkinson,KC,null,29,RB,RB190,null,null,null,null,null,672
692,19096,Sam Rogers,LAR,null,27,FB,RB191,null,null,null,null,null,673
693,18488,Tra Carson,GB,null,29,RB,RB192,null,null,null,null,null,674
694,19524,I'Tavius Mathers,JAX,null,28,RB,RB193,null,null,null,null,null,675
695,18132,Darius Jackson,DAL,null,28,RB,RB194,963,963,963,963,963,676
696,18158,Keith Marshall,WAS,null,28,RB,RB195,null,null,null,null,null,677
697,15631,Derrick Coleman,ARI,null,31,FB,RB196,null,null,null,null,null,678
698,11737,Cedric Peerman,CIN,null,35,RB,RB197,null,null,null,null,null,679
699,15497,George Winn,IND,null,31,RB,RB198,null,null,null,null,null,680
700,15202,Mike James,DET,null,31,RB,RB199,null,null,null,null,null,681
701,13102,Jordan Todman,HOU,null,32,RB,RB200,null,null,null,null,null,682
702,11270,Dez Bryant,DAL,null,33,WR,WR221,null,null,null,null,null,683
703,8914,Jeremy Maclin,BAL,null,33,WR,WR222,null,null,null,null,null,685
704,17480,Eli Rogers,PIT,null,29,WR,WR223,null,null,null,null,null,686
705,16831,Jaelen Strong,JAX,null,29,WR,WR224,null,null,null,null,null,687
706,12722,Kamar Aiken,PHI,null,32,WR,WR225,null,null,null,null,null,688
707,16728,Dontrelle Inman,CHI,null,33,WR,WR226,789,789,789,789,789,689
708,14478,Michael Floyd,NO,null,32,WR,WR227,null,null,null,null,null,690
709,18257,Jalin Marshall,NYJ,null,26,WR,WR228,null,null,null,null,null,691
710,14920,Cobi Hamilton,IND,null,31,WR,WR229,null,null,null,null,null,692
711,19046,Deangelo Yancey,GB,null,27,WR,WR230,null,null,null,null,null,693
712,11501,Arrelious Benn,JAX,null,33,WR,WR231,null,null,null,null,null,694
713,16899,Rashad Greene,JAX,null,29,WR,WR232,null,null,null,null,null,695
714,16080,Jeremy Butler,BUF,null,31,WR,WR233,null,null,null,null,null,696
715,6211,Harry Douglas,TEN,null,36,WR,WR234,null,null,null,null,null,697
716,15714,Brenton Bersin,CAR,null,31,WR,WR235,null,null,null,null,null,698
717,16893,DeAndre Smelter,JAX,null,30,WR,WR236,null,null,null,null,null,699
718,19131,Robert Davis,WAS,null,27,WR,WR237,null,null,null,null,null,700
719,17070,Darius Jennings,TEN,null,29,WR,WR238,null,null,null,null,null,701
720,18686,Jake Lampman,TB,null,28,WR,WR239,null,null,null,null,null,702
721,8373,Brandon Tate,NO,null,34,WR,WR240,null,null,null,null,null,703
722,3601,Eric Weems,TEN,null,36,WR,WR241,null,null,null,null,null,704
723,19120,David Moore,SEA,10,27,WR,WR242,null,null,null,null,null,705
724,18146,Daniel Braverman,KC,null,28,WR,WR243,null,null,null,null,null,706
725,16884,Vince Mayle,LAC,null,30,WR,WR244,null,null,null,null,null,707
726,18516,Jace Billingsley,DET,null,28,WR,WR245,null,null,null,null,null,708
727,18145,Demarcus Ayers,CHI,null,27,WR,WR246,null,null,null,null,null,709
728,16274,Isaiah Burse,LAC,null,30,WR,WR247,null,null,null,null,null,710
729,18596,Paul Turner,NE,null,28,WR,WR248,null,null,null,null,null,711
730,15725,Brittan Golden,ARI,null,33,WR,WR249,null,null,null,null,null,712
731,18154,Devin Fuller,ATL,null,28,WR,WR250,null,null,null,null,null,713
732,16922,Kenny Bell,DEN,null,30,WR,WR251,null,null,null,null,null,714
733,16012,Matt Hazel,CLE,null,30,WR,WR252,null,null,null,null,null,715
734,18141,Devin Lucien,TB,null,28,WR,WR253,null,null,null,null,null,716
735,17271,Bradley Marquez,DET,null,29,WR,WR254,null,null,null,null,null,717
736,18221,Rashawn Scott,MIA,null,30,WR,WR255,null,null,null,null,null,718
737,18211,Cayleb Jones,MIN,null,29,WR,WR256,null,null,null,null,null,719
738,7651,Matthew Slater,NE,14,36,WR,WR257,null,null,null,null,null,720
739,15118,Marquess Wilson,PHI,null,29,WR,WR258,null,null,null,null,null,721
740,1061,Charles Johnson,CAR,null,35,DE,DL1,null,null,null,null,null,722
741,17975,Hunter Henry,LAC,14,27,TE,TE112,null,null,null,null,null,723
742,13997,Coby Fleener,NO,null,33,TE,TE113,null,null,null,null,null,724
743,1181,Martellus Bennett,NE,null,35,TE,TE114,null,null,null,null,null,725
744,7884,Antonio Gates,LAC,null,41,TE,TE115,null,null,null,null,null,726
745,13027,Julius Thomas,MIA,null,33,TE,TE116,null,null,null,null,null,727
746,16816,Maxx Williams,BAL,12,28,TE,TE117,null,null,null,null,null,728
747,15072,Mychal Rivera,JAX,null,31,TE,TE118,null,null,null,null,null,729
748,18999,Jordan Leggett,NYJ,null,27,TE,TE119,null,null,null,null,null,730
749,18133,Rico Gathers,DAL,null,28,TE,TE120,null,null,null,null,null,731
750,16057,Jace Amaro,KC,null,29,TE,TE121,null,null,null,null,null,732
751,16979,Neal Sterling,NYJ,null,30,WR,WR259,null,null,null,null,null,733
752,18468,Joshua Perkins,PHI,null,28,TE,TE122,null,null,null,null,null,734
753,18522,Cole Wick,SF,null,28,TE,TE123,null,null,null,null,null,735
754,5511,Brent Celek,PHI,null,37,TE,TE124,null,null,null,null,null,736
755,18900,Mo Alie-Cox,IND,14,28,TE,TE125,null,null,null,null,null,737
756,16958,Randall Telfer,IND,null,29,TE,TE126,null,null,null,null,null,738
757,18642,Alex Ellis,KC,12,29,TE,TE127,null,null,null,null,null,739
758,15561,Brandon Williams,IND,null,34,TE,TE128,null,null,null,null,null,740
759,1545,Anthony Fasano,MIA,null,38,TE,TE129,null,null,null,null,null,741
760,16327,Scott Simonson,CAR,null,30,TE,TE130,null,null,null,null,null,742
761,14847,Ifeanyi Momah,ARI,null,32,WR,WR260,null,null,null,null,null,743
762,15937,Phillip Supernaw,TEN,null,32,TE,TE131,null,null,null,null,null,744
763,14820,Sean McGrath,DET,null,34,TE,TE132,null,null,null,null,null,745
764,16903,MyCole Pruitt,TEN,null,30,TE,TE133,515,515,515,515,515,746
765,16964,Darren Waller,BAL,8,29,TE,TE134,null,null,null,null,null,747
766,18399,Hakeem Valles,DET,null,29,TE,TE135,null,null,null,null,null,748
767,18147,Thomas Duarte,MIA,null,27,TE,TE136,null,null,null,null,null,749
768,18317,Braedon Bowman,LAC,null,28,TE,TE137,null,null,null,null,null,750
769,16663,Asante Cleveland,LAC,null,31,TE,TE138,null,null,null,null,null,751
770,16083,Crockett Gillmore,BAL,null,30,TE,TE139,null,null,null,null,null,752
771,15082,Gavin Escobar,MIA,null,31,TE,TE140,null,null,null,null,null,753
772,13861,Orson Charles,CLE,null,31,TE,TE141,null,null,null,null,null,754
773,10992,Jeff Cumberland,LAC,null,35,TE,TE142,null,null,null,null,null,755
774,11317,Clay Harbor,NO,null,34,TE,TE143,null,null,null,null,null,756
775,8848,John Phillips,NO,null,34,TE,TE144,null,null,null,null,null,757
776,17415,Matt LaCosse,DEN,null,29,TE,TE145,null,null,null,null,null,758
777,14463,Blair Walsh,SEA,null,32,K,K37,null,null,null,null,null,759
778,11694,Nick Folk,TB,14,37,K,K38,null,null,null,null,null,760
779,4354,Nick Novak,LAC,null,40,K,K39,null,null,null,null,null,761
780,11735,Mike Nugent,LV,null,40,K,K40,null,null,null,null,null,762
781,18473,Nick Rose,HOU,null,27,K,K41,null,null,null,null,null,763
782,8777,Louis Murphy,SF,null,34,WR,WR261,null,null,null,null,null,764
783,14715,Chris Owusu,MIA,null,32,WR,WR262,null,null,null,null,null,765
784,14866,Chris Gragg,NYJ,null,31,TE,TE146,null,null,null,null,null,766
785,15141,Charles Johnson,CAR,null,33,WR,WR263,null,null,null,null,null,767
786,15398,Terrell Sinkfield,NYJ,null,31,WR,WR264,null,null,null,null,null,768
787,15659,Rashad Ross,ARI,null,32,WR,WR265,null,null,null,null,null,769
788,16122,James Wright,IND,null,30,WR,WR266,null,null,null,null,null,770
789,16178,Bishop Sankey,MIN,null,29,RB,RB201,null,null,null,null,null,771
790,16536,Bernard Reedy,NE,null,30,WR,WR267,null,null,null,null,null,772
791,16557,Tyler Gaffney,JAX,null,31,RB,RB202,null,null,null,null,null,773
792,16603,Patrick Murray,TB,null,30,K,K42,null,null,null,null,null,774
793,16798,Devin Smith,NYJ,null,30,WR,WR268,804,804,804,804,804,775
794,16836,Garrett Grayson,ATL,null,30,QB,QB103,null,null,null,null,null,776
795,16878,Blake Bell,JAX,12,30,TE,TE147,null,null,null,null,null,777
796,16916,Tony Lippett,MIA,null,29,WR,WR269,null,null,null,null,null,778
797,16994,Kenny Hilliard,WAS,null,30,RB,RB203,null,null,null,null,null,779
798,17016,Terrence Magee,ATL,null,27,RB,RB204,null,null,null,null,null,780
799,17052,Dres Anderson,DAL,null,29,WR,WR270,null,null,null,null,null,781
800,17063,Tim Semisch,TEN,null,30,TE,TE148,null,null,null,null,null,782
801,17072,Manasseh Garner,WAS,null,30,WR,WR271,null,null,null,null,null,783
802,17101,Trey Williams,DAL,null,29,RB,RB205,null,null,null,null,null,784
803,17113,Quinton Dunbar,WAS,null,29,CB,DB1,853,853,853,853,853,785
804,17121,Brian Parker,DEN,null,29,TE,TE149,null,null,null,null,null,786
805,17179,Taylor Heinicke,CAR,9,29,QB,QB104,null,null,null,null,null,787
806,17218,DeAndre Carter,PHI,7,29,WR,WR272,null,null,null,null,null,788
807,17221,Rasheed Bailey,CAR,null,28,WR,WR273,null,null,null,null,null,789
808,17237,Larry Pinkard,JAX,null,30,WR,WR274,null,null,null,null,null,790
809,17252,Jameill Showers,DAL,null,30,FS,DB2,null,null,null,null,null,791
810,17257,Lucky Whitehead,NYJ,null,29,WR,WR275,null,null,null,null,null,792
811,17289,Jake Kumerow,GB,null,30,WR,WR276,314,314,314,314,314,794
812,17348,Zach Laskey,LAR,null,29,RB,RB206,null,null,null,null,null,795
813,17411,Desmond Lawrence,DET,null,27,WR,WR277,null,null,null,null,null,796
814,17799,Jordan Leslie,DEN,null,30,WR,WR278,null,null,null,null,null,798
815,18127,Kelvin Taylor,CLE,null,28,RB,RB207,null,null,null,null,null,799
816,18181,Mekale McKay,CHI,null,28,WR,WR279,null,null,null,null,null,800
817,18204,Josh Woodrum,BAL,null,29,QB,QB105,null,null,null,null,null,801
818,18236,David Grinnage,JAX,null,28,TE,TE150,null,null,null,null,null,802
819,18250,Henry Krieger-Coble,LAR,null,29,TE,TE151,null,null,null,null,null,803
820,18255,Marshall Koehn,NYG,null,29,K,K43,null,null,null,null,null,804
821,18266,Devon Cajuste,CLE,null,29,WR,WR280,null,null,null,null,null,805
822,18271,Dom Williams,PHI,null,31,WR,WR281,null,null,null,null,null,806
823,18307,Jamaal Jones,CAR,null,29,WR,WR282,null,null,null,null,null,807
824,18328,Canaan Severin,NYG,null,29,WR,WR283,null,null,null,null,null,808
825,18409,Mose Frazier,CAR,null,28,WR,WR284,null,null,null,null,null,809
826,18435,Lawrence Thomas,NYJ,null,29,RB,RB208,null,null,null,null,null,810
827,18539,Herb Waters,GB,null,29,WR,WR285,null,null,null,null,null,811
828,18540,Tevin Jones,PIT,null,29,WR,WR286,null,null,null,null,null,812
829,18574,Brandon Shippen,KC,null,27,WR,WR287,null,null,null,null,null,813
830,18581,Darius Powe,NYG,null,28,WR,WR288,null,null,null,null,null,815
831,18587,Jason Vander Laan,IND,null,29,TE,TE152,null,null,null,null,null,816
832,18619,Jon Brown,CIN,null,29,K,K44,1006,1006,1006,1006,1006,818
833,18633,Marcus Tucker,PIT,null,29,WR,WR289,null,null,null,null,null,819
834,18636,Taniela Tupou,ATL,null,29,FB,RB209,null,null,null,null,null,820
835,18654,KJ Brent,IND,null,28,WR,WR290,null,null,null,null,null,821
836,18662,Ryan O'Malley,NYG,null,28,TE,TE153,null,null,null,null,null,822
837,18680,Jalen Simmons,NYG,null,30,RB,RB210,null,null,null,null,null,823
838,18711,Marquis Bundy,NYG,null,27,WR,WR291,null,null,null,null,null,824
839,18716,Garrett Griffin,NO,9,28,TE,TE154,null,null,null,null,null,825
840,18896,Cyril Grayson Jr.,SEA,9,28,WR,WR292,null,null,null,null,null,826
841,19068,Brad Kaaya,IND,null,26,QB,QB106,null,null,null,null,null,827
842,19072,Alex Armah,CAR,null,27,FB,RB211,413,413,413,413,413,828
843,19089,Malachi Dupre,BUF,null,26,WR,WR293,null,null,null,null,null,829
844,19098,Isaiah Ford,MIA,null,26,WR,WR294,328,328,328,328,328,830
845,19140,Deante Burton,ATL,null,27,CB,DB3,1113,1113,1113,1113,1113,832
846,19156,Alek Torgersen,DET,null,27,QB,QB107,null,null,null,null,null,833
847,19158,Scott Orndoff,CIN,null,28,TE,TE155,null,null,null,null,null,834
848,19165,Johnny Mundt,LAR,7,27,TE,TE156,null,null,null,null,null,835
849,19172,Zach Pascal,IND,14,27,WR,WR295,null,null,null,null,null,836
850,19177,Trey Griffey,PIT,null,28,WR,WR296,null,null,null,null,null,837
851,19179,Bug Howard,CLE,null,27,WR,WR297,null,null,null,null,null,838
852,19184,JoJo Natson,NYJ,null,28,WR,WR298,588,588,588,588,588,839
853,19186,Brandon Radcliff,MIA,null,29,RB,RB212,null,null,null,null,null,840
854,19191,P.J. Walker,IND,13,27,QB,QB108,null,null,null,null,null,841
855,19198,Quincy Adeboyejo,BAL,null,26,WR,WR299,null,null,null,null,null,842
856,19200,C.J. Board,CLE,null,28,WR,WR300,462,462,462,462,462,843
857,19206,Ricky Ortiz,ATL,null,28,FB,RB213,null,null,null,null,null,844
858,19207,Tim Patrick,DEN,11,28,WR,WR301,null,null,null,null,null,845
859,19212,Tim White,BAL,null,27,WR,WR302,null,null,null,null,null,846
860,19215,Austin Duke,CAR,null,28,WR,WR303,null,null,null,null,null,847
861,19217,Fred Ross,CAR,null,26,WR,WR304,null,null,null,null,null,848
862,19219,Cethan Carter,CIN,14,26,TE,TE157,null,null,null,null,null,849
863,19229,Jarveon Williams,CIN,null,27,RB,RB214,null,null,null,null,null,850
864,19233,Michael Clark,GB,null,26,WR,WR305,null,null,null,null,null,851
865,19238,Taysom Hill,NO,6,31,QB,QB109,null,null,null,null,null,852
866,19251,Malcolm Lewis,MIA,null,28,WR,WR306,null,null,null,null,null,853
867,19255,Drew Morgan,MIA,null,27,WR,WR307,null,null,null,null,null,854
868,19257,De'Veon Smith,MIA,null,27,RB,RB215,null,null,null,null,null,855
869,19260,Damore'ea Stringfellow,SEA,null,27,WR,WR308,null,null,null,null,null,856
870,19278,Leshun Daniels Jr.,WAS,null,26,RB,RB216,null,null,null,null,null,857
871,19280,Cody Hollister,NE,13,28,WR,WR309,null,null,null,null,null,858
872,19295,Brisly Estime,NYJ,null,null,WR,WR310,null,null,null,null,null,859
873,19296,Anthony Firkser,KC,6,27,TE,TE158,null,null,null,null,null,860
874,19298,Connor Harris,CIN,null,28,FB,RB217,null,null,null,null,null,861
875,19304,Pharaoh Brown,LV,10,27,TE,TE159,null,null,null,null,null,862
876,19306,Keon Hatcher,LV,null,27,WR,WR311,null,null,null,null,null,863
877,19309,Anthony Kukwa,LAC,null,29,LS,LS1,null,null,null,null,null,864
878,19314,Isaac Whitney,LV,null,27,WR,WR312,1128,1128,1128,1128,1128,865
879,19317,Victor Bolden,SF,null,27,WR,WR313,1129,1129,1129,1129,1129,866
880,19330,Nick Mullens,SF,8,27,QB,QB110,null,null,null,null,null,867
881,19358,Gehrig Dieter,KC,12,29,WR,WR314,null,null,null,null,null,868
882,19361,Marcus Kemp,KC,null,26,WR,WR315,286,286,286,286,286,869
883,19390,Emanuel Byrd,GB,null,27,TE,TE160,null,null,null,null,null,870
884,19393,Travin Dural,NO,null,28,WR,WR316,null,null,null,null,null,871
885,19398,Carlton Agudosi,ARI,null,28,WR,WR317,null,null,null,null,null,872
886,19403,Krishawn Hogan,IND,null,26,WR,WR318,1134,1134,1134,1134,1134,873
887,19412,James Summers,PIT,null,27,RB,RB218,null,null,null,null,null,874
888,19415,Jason Croom,BUF,null,28,TE,TE161,null,null,null,null,null,875
889,19424,Keith Towbridge,BUF,null,26,TE,TE162,null,null,null,null,null,876
890,19428,Joel Bouagnon,DET,null,27,RB,RB219,null,null,null,null,null,877
891,19440,Kermit Whitfield,CIN,null,28,WR,WR319,null,null,null,null,null,878
892,19454,Brian Brown,DAL,null,27,WR,WR320,null,null,null,null,null,879
893,19463,Jahad Thomas,NYJ,null,26,RB,RB220,null,null,null,null,null,880
894,19475,Kyle Sloter,MIN,null,28,QB,QB111,null,null,null,null,null,881
895,19482,Dontez Ford,DET,null,28,WR,WR321,null,null,null,null,null,882
896,19483,Tion Green,IND,null,28,RB,RB221,null,null,null,null,null,883
897,19491,Robert Tonyan,GB,13,28,TE,TE163,null,null,null,null,null,884
898,19500,Deante' Gray,HOU,null,28,WR,WR322,null,null,null,null,null,885
899,19501,Justin Hardee,NO,6,28,CB,DB4,1141,1141,1141,1141,1141,886
900,19504,Riley McCarron,NE,null,28,WR,WR323,null,null,null,null,null,887
901,19516,Tim Cook,JAX,null,28,RB,RB222,null,null,null,null,null,888
902,19520,Amba Etta-Tawo,NYG,null,28,WR,WR324,null,null,null,null,null,889
903,19531,Lenard Tillery,LAR,null,28,RB,RB223,null,null,null,null,null,890
904,19536,Keeon Johnson,NYG,null,27,WR,WR325,null,null,null,null,null,891
905,19542,Colin Thompson,CHI,13,28,TE,TE164,null,null,null,null,null,892
906,19547,Billy Brown,PHI,null,29,TE,TE165,null,null,null,null,null,893
907,19705,Greg Ward,PHI,14,26,WR,WR326,null,null,null,null,null,894
908,19568,Andre Patton,LAC,null,27,WR,WR327,null,null,null,null,null,895
909,19569,Artavis Scott,LAC,null,27,WR,WR328,null,null,null,null,null,896
910,19579,Tyrone Swoopes,SEA,null,27,TE,TE166,1148,1148,1148,1148,1148,897
911,19610,Tyler Ferguson,TEN,null,28,QB,QB112,null,null,null,null,null,898
912,19614,Akeem Judd,NYJ,null,29,RB,RB224,null,null,null,null,null,899
913,19626,Dare Ogunbowale,WAS,10,27,RB,RB225,null,null,null,null,null,900
914,19647,Alex Gray,ATL,null,31,TE,TE167,null,null,null,null,null,901
915,19655,Colby Pearson,ATL,null,27,WR,WR329,null,null,null,null,null,902
916,19659,Dan Arnold,NO,7,27,TE,TE168,null,null,null,null,null,903
917,19668,Lance Lenoir,DAL,null,27,WR,WR330,null,null,null,null,null,904
918,19671,Fred Brown,LAR,null,28,WR,WR331,1150,1150,1150,1150,1150,905
919,19686,Adam Zaruba,PHI,null,31,TE,TE169,null,null,null,null,null,906
920,19695,Levonte Whitfield,CIN,null,null,WR,WR332,null,null,null,null,null,907
921,19700,Darius Victor,ARI,null,28,RB,RB226,null,null,null,null,null,908
922,19711,Josh Rounds,CLE,null,28,RB,RB227,null,null,null,null,null,909
923,19732,Rashard Davis,PHI,null,26,WR,WR333,1151,1151,1151,1151,1151,910
924,19733,Daniel Williams,NYJ,null,26,WR,WR334,null,null,null,null,null,911
925,19735,Justice Liggins,IND,null,27,WR,WR335,null,null,null,null,null,912
926,19752,Francis Owusu,MIA,null,27,WR,WR336,null,null,null,null,null,913
927,19755,River Cracraft,DEN,14,27,WR,WR337,null,null,null,null,null,914
928,19761,Kent Taylor,CAR,null,null,TE,TE170,null,null,null,null,null,915
929,19764,Jevoni Robinson,HOU,null,29,TE,TE171,null,null,null,null,null,916
930,19771,Chris Bazile,WAS,null,30,TE,TE172,null,null,null,null,null,917
931,19779,Brandon Zylstra,MIN,13,29,WR,WR338,null,null,null,null,null,918
932,19793,Lamar Atkins,JAX,null,28,WR,WR339,null,null,null,null,null,919
933,15971,Josh Huff,NO,null,30,WR,WR340,null,null,null,null,null,920
934,18246,Kyle Carter,SEA,null,29,TE,TE173,null,null,null,null,null,921
935,13981,DeVier Posey,BAL,null,32,WR,WR341,null,null,null,null,null,922
936,19234,Montay Crockett,HOU,null,28,WR,WR342,null,null,null,null,null,923
937,15746,Matt McGloin,KC,null,32,QB,QB113,null,null,null,null,null,924
938,14594,Griff Whalen,LV,null,32,WR,WR343,null,null,null,null,null,925
939,18231,Taylor Bertolet,NYJ,null,29,K,K45,null,null,null,null,null,926
940,18249,Nelson Spruce,KC,null,29,WR,WR344,null,null,null,null,null,927
941,19269,Josiah Price,MIN,null,28,TE,TE174,null,null,null,null,null,928
942,19633,Justin Thomas,PIT,null,28,WR,WR345,null,null,null,null,null,929
943,19209,Patrick Ricard,BAL,8,27,FB,RB228,null,null,null,null,null,930
944,15854,Brett Maher,DAL,null,32,K,K46,723,723,723,723,723,931
945,15367,Tim Wright,KC,null,32,TE,TE175,null,null,null,null,null,932
946,18334,Bryce Williams,ARI,null,29,TE,TE176,null,null,null,null,null,933
947,18168,Beau Sandland,ARI,null,29,TE,TE177,null,null,null,null,null,934
948,15479,Marlon Brown,CHI,null,31,WR,WR346,null,null,null,null,null,935
949,19803,Mark Andrews,BAL,8,26,TE,TE178,null,null,null,null,null,937
950,19850,Mason Rudolph,PIT,7,26,QB,QB114,null,null,null,null,null,938
951,19913,Kyle Lauletta,NYG,null,27,QB,QB115,1204,1204,1204,1204,1204,939
952,19947,Chris Herndon,NYJ,null,26,TE,TE179,340,340,340,340,340,940
953,20004,Luke Falk,MIA,null,27,QB,QB116,null,null,null,null,null,941
954,20013,Cedrick Wilson Jr.,DAL,14,26,WR,WR347,null,null,null,null,null,942
955,20025,Tanner Lee,JAX,null,27,QB,QB117,null,null,null,null,null,943
956,20037,Danny Etling,NE,13,27,QB,QB118,null,null,null,null,null,944
957,20044,Alex McGough,SEA,null,26,QB,QB119,1264,1264,1264,1264,1264,945
958,20055,Logan Woodside,CIN,13,27,QB,QB120,null,null,null,null,null,946
959,20082,Corey Willis,ARI,null,27,WR,WR348,null,null,null,null,null,947
960,20107,Simmie Cobbs,WAS,null,26,WR,WR349,null,null,null,null,null,948
961,20361,Ross Dwelley,SF,6,27,TE,TE180,null,null,null,null,null,949
962,20387,Mikah Holder,WAS,null,26,WR,WR350,null,null,null,null,null,950
963,20467,Steven Dunbar,SF,null,26,WR,WR351,null,null,null,null,null,951
964,20468,Jack Heneghan,SF,null,26,QB,QB121,null,null,null,null,null,952
965,20476,Trevor Moore,TB,null,26,K,K47,null,null,null,null,null,953
966,18097,Moritz B√∂hringer,CIN,null,28,TE,TE181,null,null,null,null,null,954
967,20152,Cole Hunt,LAC,null,26,TE,TE182,null,null,null,null,null,955
968,20159,Mike Boone,MIN,11,26,RB,RB229,null,null,null,null,null,956
969,20160,Korey Robertson,MIN,null,26,WR,WR352,null,null,null,null,null,957
970,20161,Jake Wieneke,MIN,null,27,WR,WR353,null,null,null,null,null,958
971,20188,Jason Reese,TB,null,26,TE,TE183,null,null,null,null,null,959
972,20308,Nic Shimonek,LAC,null,27,QB,QB122,null,null,null,null,null,960
973,20309,Detrez Newsome,LAC,null,28,RB,RB230,null,null,null,null,null,961
974,20310,JJ Jones,LAC,null,29,WR,WR354,null,null,null,null,null,962
975,20311,Ben Johnson,LAC,null,27,TE,TE184,null,null,null,null,null,963
976,20326,Kamryn Pettway,MIN,null,null,RB,RB231,null,null,null,null,null,964
977,20327,Roc Thomas,MIN,null,26,RB,RB232,null,null,null,null,null,965
978,20328,Jeff Badet,MIN,null,27,WR,WR355,1316,1316,1316,1316,1316,966
979,20329,Tyler Hoppes,MIN,null,26,TE,TE185,null,null,null,null,null,967
980,20368,Austin Allen,TB,null,27,QB,QB123,null,null,null,null,null,968
981,20370,Donnie Ernsberger,TB,null,25,TE,TE186,null,null,null,null,null,969
982,20423,Kent Shelby,LAC,null,26,WR,WR356,null,null,null,null,null,970
983,20424,Anthony Manzo-Lewis,LAC,null,26,TE,TE187,null,null,null,null,null,971
984,20447,Armanti Foreman,MIN,null,null,WR,WR357,null,null,null,null,null,972
985,20453,Peter Pujals,MIN,null,27,QB,QB124,null,null,null,null,null,973
986,20472,Shaun Wilson,TB,null,26,RB,RB233,null,null,null,null,null,974
987,20504,Ervin Phillips,TB,null,27,RB,RB234,null,null,null,null,null,975
988,20505,Sergio Bailey,TB,null,27,WR,WR358,null,null,null,null,null,976
989,20506,Tanner Hudson,TB,6,27,TE,TE188,null,null,null,null,null,977
990,20524,John Diarse,DEN,null,27,WR,WR359,null,null,null,null,null,978
991,20067,Steven Mitchell Jr.,LAR,null,28,WR,WR360,1269,1269,1269,1269,1269,979
992,20078,Martez Carter,WAS,null,29,RB,RB235,null,null,null,null,null,980
993,20128,Phillip Lindsay,DEN,null,27,RB,RB236,110.2,110.2,110.2,110.2,110.2,981
994,20144,Michael Badgley,IND,null,26,K,K48,1283,1283,1283,1283,1283,982
995,20196,Matt Flanagan,WAS,null,27,TE,TE189,null,null,null,null,null,983
996,20273,Jimmy Williams,DEN,null,27,WR,WR361,null,null,null,null,null,984
997,20298,Steve Ishmael,IND,null,26,WR,WR362,null,null,null,null,null,985
998,20388,De'Mornay Pierson-El,WAS,null,26,WR,WR363,null,null,null,null,null,986
999,20525,Laquvionte Gonzalez,LAR,null,null,WR,WR364,null,null,null,null,null,987
1000,20526,Ricky Jeune,LAR,null,28,WR,WR365,null,null,null,null,null,988
1001,20528,Shay Fields,WAS,null,25,WR,WR366,null,null,null,null,null,989
1002,20529,Cam Sims,WAS,9,26,WR,WR367,null,null,null,null,null,990
1003,20360,Jeff Wilson Jr.,SF,6,26,RB,RB237,null,null,null,null,null,991
1004,20389,Elijah Wellman,WAS,null,27,FB,RB238,null,null,null,null,null,992
1005,20053,Kyle Allen,CAR,10,26,QB,QB125,null,null,null,null,null,993
1006,20081,Trent Sherfield,ARI,14,26,WR,WR368,null,null,null,null,null,994
1007,20083,Andrew Vollert,ARI,null,27,TE,TE190,null,null,null,null,null,995
1008,20089,Kurt Benkert,ATL,null,26,QB,QB126,1277,1277,1277,1277,1277,996
1009,20090,Demario Richard,ATL,null,25,RB,RB239,null,null,null,null,null,997
1010,20091,Malik Williams,ATL,null,25,RB,RB240,null,null,null,null,null,998
1011,20092,Luke McNitt,ATL,null,28,FB,RB241,null,null,null,null,null,999
1012,20098,Jaelon Acklin,BAL,null,26,WR,WR369,null,null,null,null,null,1000
1013,20103,Reggie Bonnafon,CAR,9,26,RB,RB242,null,null,null,null,null,1001
1014,20121,Dalton Sturm,DAL,null,26,QB,QB127,null,null,null,null,null,1002
1015,20122,Jordan Chunn,DAL,null,27,RB,RB243,null,null,null,null,null,1003
1016,20123,Malik Earl,DAL,null,null,WR,WR370,null,null,null,null,null,1004
1017,20134,Kevin Rader,GB,7,27,TE,TE191,null,null,null,null,null,1005
1018,20142,J.T. Barrett,NO,null,27,QB,QB128,null,null,null,null,null,1006
1019,20145,Allen Lazard,JAX,13,26,WR,WR371,null,null,null,null,null,1007
1020,20198,Marchie Murdock,DAL,null,27,WR,WR372,null,null,null,null,null,1008
1021,20199,David Wells,DAL,12,27,TE,TE192,null,null,null,null,null,1009
1022,20209,Chad Kanoff,ARI,null,27,QB,QB129,null,null,null,null,null,1010
1023,20210,Austin Ramesh,ARI,null,null,FB,RB244,null,null,null,null,null,1011
1024,20222,Lamar Jordan,ATL,null,27,QB,QB130,null,null,null,null,null,1012
1025,20223,Daniel Marx,ATL,null,26,FB,RB245,null,null,null,null,null,1013
1026,20224,Christian Blake,ATL,6,25,WR,WR373,null,null,null,null,null,1014
1027,20225,Dontez Byrd,ATL,null,26,WR,WR374,null,null,null,null,null,1015
1028,20226,Detrich Clark,ATL,null,null,WR,WR375,null,null,null,null,null,1016
1029,20227,Devin Gray,ATL,null,26,WR,WR376,null,null,null,null,null,1017
1030,20228,Troy Mangen,ATL,null,27,TE,TE193,null,null,null,null,null,1018
1031,20229,Jake Roh,ATL,null,null,TE,TE194,null,null,null,null,null,1019
1032,20238,David Marvin,ATL,null,27,K,K49,null,null,null,null,null,1020
1033,20239,Gus Edwards,BAL,8,27,RB,RB246,null,null,null,null,null,1021
1034,20240,Andre Levrone,BAL,null,27,WR,WR377,null,null,null,null,null,1022
1035,20283,Tim Boyle,GB,9,27,QB,QB131,null,null,null,null,null,1023
1036,20405,Dimitri Flowers,NYJ,null,26,FB,RB247,null,null,null,null,null,1024
1037,20456,Dorren Miller,JAX,null,27,WR,WR378,null,null,null,null,null,1026
1038,20462,Jalen Tolliver,ARI,null,26,WR,WR379,null,null,null,null,null,1027
1039,20463,Jonah Trinnaman,ARI,null,25,WR,WR380,null,null,null,null,null,1028
1040,20464,Alec Bloom,ARI,null,26,TE,TE195,null,null,null,null,null,1029
1041,20466,Matthew McCrane,ARI,null,27,K,K50,null,null,null,null,null,1030
1042,20473,Sergio Bailey II,TB,null,30,WR,WR381,null,null,null,null,null,1031
1043,20521,Justin Crawford,ATL,null,27,RB,RB248,null,null,null,null,null,1032
1044,20534,Chris Ezeala,BAL,null,26,RB,RB249,null,null,null,null,null,1033
1045,20536,Christian Scotland-Williamson,PIT,null,28,TE,TE196,null,null,null,null,null,1034
1046,20561,Mark Thompson,BAL,null,27,RB,RB250,null,null,null,null,null,1035
1047,20562,De'Lance Turner,BAL,null,26,RB,RB251,null,null,null,null,null,1036
1048,20563,Nick Keizer,BAL,null,27,TE,TE197,1344,1344,1344,1344,1344,1037
1049,20073,Saeed Blacknall,LV,null,26,WR,WR382,null,null,null,null,null,1038
1050,20117,Da'Mari Scott,CLE,null,26,WR,WR383,null,null,null,null,null,1039
1051,20149,Eddy Pi√±eiro,LV,6,26,K,K51,null,null,null,null,null,1040
1052,20150,Byron Pringle,KC,10,28,WR,WR384,null,null,null,null,null,1041
1053,20174,Marcus Baugh,LV,null,27,TE,TE198,1291,1291,1291,1291,1291,1042
1054,20182,Caleb Scott,SEA,null,26,WR,WR385,null,null,null,null,null,1043
1055,20183,Taj Williams,SEA,null,29,WR,WR386,null,null,null,null,null,1044
1056,20305,Chase Litton,KC,null,26,QB,QB132,null,null,null,null,null,1045
1057,20306,Blake Mack,KC,null,26,TE,TE199,null,null,null,null,null,1046
1058,20340,Jarvion Franklin,PIT,null,26,RB,RB252,null,null,null,null,null,1047
1059,20341,Quadree Henderson,PIT,null,25,WR,WR387,null,null,null,null,null,1048
1060,20352,Ka'raun White,SEA,null,28,WR,WR388,null,null,null,null,null,1049
1061,20415,Nick Sharga,LV,null,null,FB,RB253,null,null,null,null,null,1050
1062,20477,Derrick Willies,CLE,null,27,WR,WR389,1333,1333,1333,1333,1333,1051
1063,20496,Elijah Marks,KC,null,null,WR,WR390,null,null,null,null,null,1052
1064,20500,Darrel Williams,KC,null,27,RB,RB254,145.3,145.3,145.3,145.3,145.3,1053
1065,20549,Marcus Martin,SEA,null,null,RB,RB255,null,null,null,null,null,1054
1066,20566,Dontrell Hilliard,CLE,13,27,RB,RB256,null,null,null,null,null,1055
1067,20568,Khalid Hill,SEA,null,26,FB,RB257,null,null,null,null,null,1056
1068,20578,Julian Allen,CLE,null,27,FB,RB258,null,null,null,null,null,1057
1069,20577,Ryan Smith,GB,null,26,TE,TE200,null,null,null,null,null,1058
1070,20581,Johnny Stanton,MIN,13,27,FB,RB259,null,null,null,null,null,1059
1071,20582,Chad Beebe,MIN,null,27,WR,WR391,1347,1347,1347,1347,1347,1060
1072,20585,Janarion Grant,BAL,null,28,WR,WR392,null,null,null,null,null,1061
1073,20071,Keith Kirkwood,NO,13,27,WR,WR393,null,null,null,null,null,1062
1074,20075,Josh Adams,PHI,6,25,RB,RB260,null,null,null,null,null,1063
1075,20332,Deon Yelder,NO,12,27,TE,TE201,null,null,null,null,null,1064
1076,20342,Pharoah McKever,PIT,null,28,TE,TE202,null,null,null,null,null,1065
1077,20587,Henry Poggi,LV,null,27,FB,RB261,null,null,null,null,null,1066
1078,20588,Chris Warren III,LV,null,25,RB,RB262,null,null,null,null,null,1067
1079,20589,Paul Butler,LV,null,29,TE,TE203,null,null,null,null,null,1068
1080,20591,Jordan Smallwood,KC,null,27,WR,WR394,null,null,null,null,null,1069
1081,20113,Quinton Flowers,CIN,null,27,QB,QB133,null,null,null,null,null,1070
1082,20136,Terry Swanson,HOU,null,25,RB,RB263,null,null,null,null,null,1071
1083,20170,Jawill Davis,NYG,null,27,WR,WR395,null,null,null,null,null,1072
1084,20192,Akrum Wadley,TEN,null,27,RB,RB264,null,null,null,null,null,1073
1085,20193,Ethan Wolf,TEN,6,26,TE,TE204,null,null,null,null,null,1074
1086,20250,Robert Foster,BUF,10,27,WR,WR396,null,null,null,null,null,1075
1087,20263,Ray Lawry,CIN,null,25,RB,RB265,null,null,null,null,null,1076
1088,20264,Jordan Franks,CIN,null,26,TE,TE205,1305,1305,1305,1305,1305,1077
1089,20294,Lavon Coleman,HOU,null,27,RB,RB266,null,null,null,null,null,1078
1090,20295,Vyncint Smith,HOU,9,25,WR,WR397,null,null,null,null,null,1079
1091,20296,Jester Weah,HOU,null,27,WR,WR398,1311,1311,1311,1311,1311,1080
1092,20372,Cameron Batson,TEN,null,26,WR,WR399,294,294,294,294,294,1081
1093,20373,Deontay Burnett,TEN,null,24,WR,WR400,null,null,null,null,null,1082
1094,20375,Devin Ross,TEN,null,26,WR,WR401,null,null,null,null,null,1083
1095,20376,Jordan Veasy,TEN,null,26,WR,WR402,null,null,null,null,null,1084
1096,20452,Devonte Boyd,CIN,null,27,WR,WR403,null,null,null,null,null,1085
1097,20539,Anthony Mahoungou,PHI,null,28,WR,WR404,null,null,null,null,null,1086
1098,20552,Larry Rose,TEN,null,26,RB,RB267,null,null,null,null,null,1087
1099,20553,Stephen Baggett,NYG,null,26,TE,TE206,null,null,null,null,null,1088
1100,20598,Keith Ford,BUF,null,28,RB,RB268,null,null,null,null,null,1089
1101,20599,Cam Phillips,BUF,null,26,WR,WR405,null,null,null,null,null,1090
1102,20600,Dalyn Dawkins,TEN,null,27,RB,RB269,null,null,null,null,null,1091
1103,20106,Ryan Nall,CHI,7,26,RB,RB270,null,null,null,null,null,1092
1104,20166,Ralph Webb,NE,null,27,RB,RB271,null,null,null,null,null,1093
1105,20206,Kyle Lewis,DET,null,27,WR,WR406,null,null,null,null,null,1094
1106,20255,Tyler Davis,BUF,null,27,K,K52,null,null,null,null,null,1095
1107,20274,Teo Redding,DET,null,27,WR,WR407,null,null,null,null,null,1096
1108,20275,Deandre Goolsby,DET,null,25,TE,TE207,null,null,null,null,null,1097
1109,20318,Buddy Howell,MIA,null,26,RB,RB272,437,437,437,437,437,1098
1110,20325,Greg Joseph,MIA,7,27,K,K53,null,null,null,null,null,1099
1111,20451,Garrett Johnson,CHI,null,26,WR,WR408,null,null,null,null,null,1100
1112,20487,Brandon Powell,DET,11,26,WR,WR409,null,null,null,null,null,1101
1113,20511,Chris Lacy,NE,null,26,WR,WR410,1338,1338,1338,1338,1338,1102
1114,20514,Shane Wimann,NE,null,27,RB,RB273,null,null,null,null,null,1103
1115,20606,Shaq Roland,CHI,null,null,WR,WR411,null,null,null,null,null,1104
1116,16559,Marcus Lucas,DET,null,30,WR,WR412,null,null,null,null,null,1105
1117,18184,Alonzo Russell,NYG,null,29,WR,WR413,null,null,null,null,null,1106
1118,20049,Damoun Patterson,PIT,null,27,WR,WR414,null,null,null,null,null,1107
1119,20595,Brogan Roback,CLE,null,27,QB,QB134,null,null,null,null,null,1108
1120,20616,Zach Olstad,BUF,null,28,RB,RB274,null,null,null,null,null,1109
1121,20618,Matt Fleming,CHI,null,null,WR,WR415,null,null,null,null,null,1110
1122,20624,Robert Martin,NYG,null,26,RB,RB275,null,null,null,null,null,1111
1123,20626,Deontez Alexander,DET,null,25,WR,WR416,null,null,null,null,null,1112
1124,20314,Codey McElroy,LAR,9,29,TE,TE208,null,null,null,null,null,1113
1125,20478,Darvin Kidsy,WAS,null,27,WR,WR417,1334,1334,1334,1334,1334,1114
1126,20507,Luis Perez,LAR,null,27,QB,QB135,null,null,null,null,null,1115
1127,20550,John Franklin,CHI,null,27,WR,WR418,null,null,null,null,null,1116
1128,20629,C.J. Duncan,ARI,null,27,WR,WR419,null,null,null,null,null,1117
1129,20632,Ryan Yurachek,NO,null,25,TE,TE209,null,null,null,null,null,1118
1130,20634,Tim Wilson,PHI,null,28,WR,WR420,null,null,null,null,null,1119
1131,20635,Clayton Wilson,SEA,null,27,TE,TE210,null,null,null,null,null,1120
1132,20649,Nick Holley,LAR,null,27,WR,WR421,null,null,null,null,null,1121
1133,20171,Davon Grayson,KC,null,26,WR,WR422,null,null,null,null,null,1122
1134,20653,Eldridge Massington,NO,null,27,WR,WR423,null,null,null,null,null,1123
1135,18099,Keenan Reynolds,SEA,null,27,WR,WR424,null,null,null,null,null,1124
1136,19347,Thomas Sperbeck,TB,null,27,WR,WR425,null,null,null,null,null,1125
1137,20654,Nick Stevens,DEN,null,27,QB,QB136,null,null,null,null,null,1126
1138,20656,Kayaune Ross,IND,null,27,WR,WR426,null,null,null,null,null,1127
1139,20659,Garrett Hudson,WAS,null,27,TE,TE211,null,null,null,null,null,1128
1140,20660,Austin Roberts,LAC,null,26,TE,TE212,null,null,null,null,null,1129
1141,20661,Sherman Badie,ARI,null,27,RB,RB276,null,null,null,null,null,1130
1142,20662,Jaeden Graham,ATL,6,26,TE,TE213,null,null,null,null,null,1131
1143,17064,Wes Saxton,DET,null,28,TE,TE214,null,null,null,null,null,1132
1144,20663,Garrett Dickerson,NYG,null,26,TE,TE215,null,null,null,null,null,1133
1145,18224,Ross Martin,CLE,null,28,K,K54,null,null,null,null,null,1134
1146,19573,Algernon Brown,KC,null,30,FB,RB277,null,null,null,null,null,1135
1147,20667,Josh Crockett,KC,null,27,WR,WR427,null,null,null,null,null,1136
1148,20670,Josh Smith,NO,null,null,WR,WR428,null,null,null,null,null,1137
1149,12874,Greg Little,ARI,null,32,WR,WR429,null,null,null,null,null,1138
1150,18108,Jake Rudock,DET,null,29,QB,QB137,null,null,null,null,null,1139
1151,11565,Andre Roberts,NYJ,null,34,WR,WR430,315,315,315,315,315,1140
1152,19043,Isaiah McKenzie,DEN,7,27,WR,WR431,null,null,null,null,null,1141
1153,19320,KD Cannon,DAL,null,26,WR,WR432,null,null,null,null,null,1142
